,DateTime,Open,High,Low,Close,Volume
0,2011-05-26,19.0,19.5,18.26,18.36,22030537
1,2011-05-27,18.67,18.81,18.25,18.62,1909493
2,2011-05-31,18.82,18.98,18.46,18.5,787022
3,2011-06-01,18.42,18.43,18.19,18.23,850592
4,2011-06-02,18.11,18.68,18.05,18.61,927903
5,2011-06-03,18.25,18.82,18.1,18.15,784537
6,2011-06-06,18.24,18.31,18.1,18.22,882806
7,2011-06-07,18.34,18.4,18.1,18.13,1627765
8,2011-06-08,18.09,18.37,18.0,18.0,2225948
9,2011-06-09,18.0,18.09,17.18,17.53,4336954
10,2011-06-10,17.28,17.35,16.04,16.3,3289740
11,2011-06-13,16.67,16.75,16.01,16.3,1261824
12,2011-06-14,16.37,16.94,16.0,16.15,1295760
13,2011-06-15,15.95,16.43,15.35,15.85,959413
14,2011-06-16,15.78,15.81,15.06,15.33,687684
15,2011-06-17,15.47,15.55,14.88,14.97,1074814
16,2011-06-20,15.03,15.345,14.71,14.89,413059
17,2011-06-21,14.56,16.05,14.29,16.05,1377900
18,2011-06-22,15.98,17.76,15.93,16.9,1623623
19,2011-06-23,16.8,17.36,16.75,17.05,2351219
20,2011-06-24,17.01,17.55,16.7,16.87,4755836
21,2011-06-27,16.88,17.18,16.31,17.04,459023
22,2011-06-28,17.0,17.63,16.86,17.52,570407
23,2011-06-29,17.54,18.34,17.36,17.72,1020217
24,2011-06-30,17.62,18.49,17.56,18.36,811102
25,2011-07-01,18.47,19.9,18.43,19.75,1439666
26,2011-07-05,20.36,20.97,19.32,19.58,1562784
27,2011-07-06,19.59,19.59,18.88,18.92,1370548
28,2011-07-07,19.06,20.15,18.94,20.02,846317
29,2011-07-08,19.67,19.69,19.05,19.3,1116323
30,2011-07-11,19.1,19.18,18.37,18.45,1024161
31,2011-07-12,18.18,18.18,16.59,17.08,3819576
32,2011-07-13,17.19,17.63,17.06,17.56,1129347
33,2011-07-14,17.71,17.99,17.66,17.86,1097519
34,2011-07-15,18.0,18.04,17.12,17.31,613763
35,2011-07-18,17.32,17.64,16.75,16.89,870706
36,2011-07-19,16.96,17.43,16.84,17.15,798279
37,2011-07-20,17.26,17.49,16.83,17.2,899796
38,2011-07-21,16.25,16.96,16.07,16.85,2617874
39,2011-07-22,16.93,17.11,16.84,16.92,829351
40,2011-07-25,16.87,17.45,16.76,17.13,2068913
41,2011-07-26,17.05,17.47,17.0,17.43,749175
42,2011-07-27,17.24,17.37,16.18,16.5,1259688
43,2011-07-28,16.53,16.64,16.16,16.21,973496
44,2011-07-29,16.14,16.51,15.07,16.31,1060605
45,2011-08-01,16.68,16.73,15.53,15.7,1338353
46,2011-08-02,15.56,15.59,14.69,14.82,770285
47,2011-08-03,14.82,15.01,14.5,14.75,806171
48,2011-08-04,14.61,14.88,12.25,12.6,3011245
49,2011-08-05,12.85,12.99,11.49,11.86,2164770
50,2011-08-08,11.5,11.58,9.43,10.55,4073866
51,2011-08-09,10.73,13.49,10.65,12.28,3871230
52,2011-08-10,11.89,12.76,11.56,12.2,1910214
53,2011-08-11,12.39,13.01,12.09,12.95,1272690
54,2011-08-12,13.03,13.51,12.62,12.98,663710
55,2011-08-15,13.09,13.6,13.09,13.52,529309
56,2011-08-16,13.34,13.91,13.12,13.17,1131612
57,2011-08-17,13.34,13.58,12.6,12.73,517840
58,2011-08-18,12.28,12.39,11.57,12.13,829297
59,2011-08-19,12.02,12.37,11.81,11.83,878783
60,2011-08-22,12.13,12.13,11.39,11.43,651157
61,2011-08-23,11.26,12.07,10.61,11.59,2025572
62,2011-08-24,11.62,11.63,10.57,10.945,1614875
63,2011-08-25,11.12,11.18,10.58,10.77,706906
64,2011-08-26,10.81,10.95,10.5,10.845,520976
65,2011-08-29,10.99,11.17,10.69,11.08,2152256
66,2011-08-30,11.08,12.005,10.87,11.71,1704211
67,2011-08-31,11.85,12.03,11.42,11.48,639146
68,2011-09-01,11.54,11.82,11.29,11.45,551249
69,2011-09-02,11.25,11.5,11.0,11.14,535968
70,2011-09-06,10.775,11.02,10.49,10.97,908085
71,2011-09-07,11.15,11.55,10.97,11.5,730765
72,2011-09-08,11.46,11.8,11.3,11.59,449877
73,2011-09-09,11.45,11.71,10.8,11.17,1122929
74,2011-09-12,11.05,11.7,11.03,11.59,979235
75,2011-09-13,11.63,12.43,11.4,12.24,910378
76,2011-09-14,12.35,13.52,12.2,13.21,1318906
77,2011-09-15,13.36,13.71,13.14,13.49,826606
78,2011-09-16,13.6,13.66,12.98,13.2,799158
79,2011-09-19,12.93,13.33,12.5,13.08,575814
80,2011-09-20,13.06,13.5,12.58,12.61,429786
81,2011-09-21,12.69,12.91,12.44,12.48,382839
82,2011-09-22,11.93,12.42,11.71,11.99,558664
83,2011-09-23,11.94,12.74,11.86,12.21,615375
84,2011-09-26,11.69,12.6,11.69,12.15,1071348
85,2011-09-27,12.41,12.78,12.3,12.64,1261981
86,2011-09-28,12.58,12.775,12.14,12.21,848417
87,2011-09-29,12.43,12.78,11.44,11.81,1017152
88,2011-09-30,11.6,11.7,10.8,11.0,1241092
89,2011-10-03,10.93,10.93,9.92,10.52,1040252
90,2011-10-04,10.29,10.97,10.29,10.6,734425
91,2011-10-05,10.6,10.87,10.36,10.62,1187711
92,2011-10-06,10.56,10.89,10.43,10.86,930550
93,2011-10-07,10.78,11.01,10.63,10.73,568013
94,2011-10-10,10.88,11.24,10.88,11.15,541603
95,2011-10-11,10.99,11.49,10.99,11.14,1038044
96,2011-10-12,11.21,11.92,11.08,11.62,838496
97,2011-10-13,11.6,12.67,11.52,12.51,1216301
98,2011-10-14,12.53,12.95,12.27,12.75,952194
99,2011-10-17,12.6,12.75,12.35,12.51,585073
100,2011-10-18,12.45,12.82,12.21,12.72,575140
101,2011-10-19,12.37,12.5,11.85,11.87,389286
102,2011-10-20,11.75,12.2,10.92,12.12,1364225
103,2011-10-21,11.2,12.2,10.38,11.8,2313518
104,2011-10-24,11.84,12.88,11.57,12.57,1205490
105,2011-10-25,12.49,12.49,11.89,12.03,1427995
106,2011-10-26,12.27,12.3,11.95,12.21,400087
107,2011-10-27,12.75,14.35,12.7399,13.83,1251128
108,2011-10-28,13.86,14.35,13.57,13.68,707644
109,2011-10-31,13.57,13.76,12.97,13.18,351261
110,2011-11-01,12.39,12.48,11.56,12.18,1707519
111,2011-11-02,12.46,12.56,11.915,12.0,569545
112,2011-11-03,12.23,12.31,11.92,12.04,958075
113,2011-11-04,11.98,13.19,11.98,12.73,561593
114,2011-11-07,12.68,12.87,12.25,12.42,275019
115,2011-11-08,12.6,12.92,12.53,12.7,387461
116,2011-11-09,12.41,12.44,11.99,11.99,587820
117,2011-11-10,12.15,12.52,12.11,12.34,663197
118,2011-11-11,12.5,13.31,12.5,13.19,298911
119,2011-11-14,13.12,13.61,13.0,13.2,633776
120,2011-11-15,13.18,13.49,13.05,13.35,238990
121,2011-11-16,13.21,13.69,13.21,13.49,937421
122,2011-11-17,13.5,13.61,13.03,13.26,976188
123,2011-11-18,13.39,13.55,12.65,12.75,429434
124,2011-11-21,12.51,12.568,11.94,12.16,907715
125,2011-11-22,12.08,12.62,12.02,12.12,687503
126,2011-11-23,11.99,12.07,11.3,11.39,511066
127,2011-11-25,11.39,11.609,11.3101,11.52,341797
128,2011-11-28,11.95,12.16,11.84,12.01,571201
129,2011-11-29,11.99,12.14,11.87,11.93,741623
130,2011-11-30,12.34,12.85,12.22,12.68,624778
131,2011-12-01,12.63,13.11,12.58,12.89,467365
132,2011-12-02,13.05,13.38,12.8984,13.16,501496
133,2011-12-05,13.39,13.61,13.17,13.61,371685
134,2011-12-06,13.48,13.87,13.05,13.26,476408
135,2011-12-07,13.25,13.98,13.11,13.92,584508
136,2011-12-08,13.68,13.96,13.56,13.7,518473
137,2011-12-09,13.55,14.11,13.4375,13.68,917757
138,2011-12-12,13.3,13.59,13.15,13.27,826550
139,2011-12-13,13.35,13.49,12.25,12.59,3008934
140,2011-12-14,12.5,12.5,11.76,12.15,677246
141,2011-12-15,12.28,12.49,12.08,12.19,439972
142,2011-12-16,12.25,13.04,12.18,12.41,647515
143,2011-12-19,12.51,12.72,11.73,11.75,320335
144,2011-12-20,11.96,12.58,11.84,12.56,474415
145,2011-12-21,12.45,12.45,11.95,12.03,384605
146,2011-12-22,12.13,13.0,12.13,12.94,1257945
147,2011-12-23,13.0,13.04,12.86,12.99,738406
148,2011-12-27,13.0,13.11,12.89,13.0,249388
149,2011-12-28,13.02,13.07,12.65,12.77,463181
150,2011-12-29,12.84,13.0,12.66,12.96,227580
151,2011-12-30,12.95,13.02,12.61,12.66,373826
152,2012-01-03,12.7,13.06,12.2,12.99,827056
153,2012-01-04,12.9,13.01,12.65,12.93,335510
154,2012-01-05,12.82,13.0,12.72,12.96,863842
155,2012-01-06,12.98,13.79,12.23,12.82,784167
156,2012-01-09,12.83,13.4,12.73,13.11,1831607
157,2012-01-10,13.37,13.37,12.84,12.99,723566
158,2012-01-11,12.9,13.05,12.73,12.82,860964
159,2012-01-12,12.94,13.035,12.76,12.98,675929
160,2012-01-13,12.94,13.09,12.82,12.84,305211
161,2012-01-17,12.98,13.19,12.89,12.97,506654
162,2012-01-18,13.32,14.7,13.27,14.2,2749000
163,2012-01-19,14.45,16.11,14.31,15.08,1916613
164,2012-01-20,15.02,15.15,14.8,15.0,1314747
165,2012-01-23,15.08,15.46,14.92,15.05,940413
166,2012-01-24,14.98,16.13,14.8,15.72,1428089
167,2012-01-25,15.71,15.94,14.89,15.61,1466440
168,2012-01-26,15.78,16.06,15.5,15.78,1400072
169,2012-01-27,15.0,17.49,14.96,16.4,1634903
170,2012-01-30,16.21,16.21,14.85,15.95,646494
171,2012-01-31,16.0,16.18,15.73,15.97,1205140
172,2012-02-01,16.17,16.49,15.93,16.26,816618
173,2012-02-02,16.19,16.68,16.0,16.61,469934
174,2012-02-03,16.75,17.84,16.75,17.7,1197920
175,2012-02-06,17.36,17.53,16.83,17.28,882462
176,2012-02-07,17.22,17.34,16.69,16.77,524827
177,2012-02-08,16.83,17.01,16.27,16.7,1100225
178,2012-02-09,16.77,17.04,16.48,16.96,292612
179,2012-02-10,16.69,16.89,16.5,16.61,242207
180,2012-02-13,16.81,16.81,16.37,16.6907,154565
181,2012-02-14,16.54,16.97,16.08,16.94,694724
182,2012-02-15,16.98,17.43,16.66,17.2,969588
183,2012-02-16,17.27,17.76,17.07,17.41,972512
184,2012-02-17,17.46,17.49,16.65,17.34,803363
185,2012-02-21,17.36,17.37,16.55,16.63,685667
186,2012-02-22,16.7,16.715,16.15,16.24,746707
187,2012-02-23,16.22,16.5501,15.95,16.47,486526
188,2012-02-24,16.53,16.79,16.49,16.7,780171
189,2012-02-27,16.58,16.71,16.14,16.48,428726
190,2012-02-28,16.56,16.75,16.45,16.55,352509
191,2012-02-29,16.57,16.86,16.04,16.16,379348
192,2012-03-01,16.33,16.33,15.53,15.6,971870
193,2012-03-02,15.55,15.79,14.85,15.31,1141935
194,2012-03-05,15.25,15.395,13.86,14.24,1680491
195,2012-03-06,14.05,14.72,14.02,14.47,1176463
196,2012-03-07,14.6,14.99,14.47,14.92,924394
197,2012-03-08,15.03,15.1,14.85,14.98,618692
198,2012-03-09,14.98,15.27,14.8,15.05,467913
199,2012-03-12,15.5,15.52,14.5,14.8,765237
200,2012-03-13,14.93,15.25,14.7,15.08,949097
201,2012-03-14,15.05,15.49,15.05,15.34,687464
202,2012-03-15,15.32,15.6,15.25,15.48,349453
203,2012-03-16,15.49,16.05,15.385,15.89,581260
204,2012-03-19,15.86,16.06,15.83,15.88,334424
205,2012-03-20,15.76,15.8009,15.51,15.71,437579
206,2012-03-21,15.73,15.875,15.41,15.57,806643
207,2012-03-22,15.46,16.01,15.27,15.88,1113430
208,2012-03-23,15.86,16.34,15.77,16.04,640902
209,2012-03-26,16.2,16.355,15.99,16.3,419750
210,2012-03-27,16.27,16.305,15.88,15.93,330403
211,2012-03-28,15.88,15.94,15.26,15.49,605376
212,2012-03-29,15.37,15.48,15.19,15.4,407055
213,2012-03-30,15.53,15.66,15.25,15.39,313783
214,2012-04-02,15.3,15.55,15.12,15.42,288788
215,2012-04-03,15.37,15.37,14.84,15.19,778277
216,2012-04-04,15.03,15.15,14.75,14.98,562904
217,2012-04-05,14.93,14.97,14.49,14.59,366905
218,2012-04-09,14.25,14.34,14.03,14.15,358009
219,2012-04-10,14.05,14.2,13.45,13.59,825397
220,2012-04-11,13.75,14.21,13.75,13.84,518288
221,2012-04-12,13.88,14.395,13.88,14.32,553476
222,2012-04-13,14.28,14.31,13.94,14.08,299610
223,2012-04-16,14.09,14.25,13.81,13.97,248725
224,2012-04-17,14.15,14.46,14.08,14.08,558547
225,2012-04-18,14.0,14.28,13.73,14.13,631471
226,2012-04-19,14.18,14.77,14.08,14.28,1796527
227,2012-04-20,13.55,14.0,12.135,12.49,5809318
228,2012-04-23,12.3,12.48,11.99,12.33,1281259
229,2012-04-24,12.43,12.81,12.04,12.24,1920181
230,2012-04-25,12.36,12.45,12.11,12.25,828581
231,2012-04-26,12.28,12.3,12.07,12.12,736483
232,2012-04-27,12.11,12.63,11.97,12.33,2266725
233,2012-04-30,12.36,12.42,12.13,12.409,584751
234,2012-05-01,12.37,12.46,12.29,12.44,658445
235,2012-05-02,12.3,12.74,12.26,12.73,1242891
236,2012-05-03,12.71,12.76,11.9,12.26,982003
237,2012-05-04,12.17,12.3,11.95,12.0,875138
238,2012-05-07,11.95,12.03,11.82,11.95,695543
239,2012-05-08,11.81,11.85,11.43,11.59,628013
240,2012-05-09,11.39,11.49,11.17,11.31,651324
241,2012-05-10,11.53,11.63,11.05,11.1,711514
242,2012-05-11,11.08,11.45,11.03,11.2,577907
243,2012-05-14,11.05,11.12,10.77,10.84,921624
244,2012-05-15,10.89,10.94,10.6,10.72,600894
245,2012-05-16,10.72,10.77,10.15,10.17,946935
246,2012-05-17,10.18,10.25,9.68,9.73,936411
247,2012-05-18,9.8,9.8,9.57,9.61,1534492
248,2012-05-21,9.65,10.0,9.6,9.89,492151
249,2012-05-22,9.89,9.925,9.65,9.7,1351682
250,2012-05-23,9.54,9.9,9.54,9.86,863390
251,2012-05-24,9.92,9.92,9.59,9.74,567328
252,2012-05-25,9.72,9.95,9.61,9.94,616441
253,2012-05-29,9.96,10.15,9.72,10.0,501635
254,2012-05-30,9.85,9.91,9.58,9.6,1017020
255,2012-05-31,9.59,9.59,9.11,9.19,1085992
256,2012-06-01,8.97,9.035,8.6499,8.75,847693
257,2012-06-04,8.8,8.89,8.5,8.72,647069
258,2012-06-05,8.73,9.93,8.73,9.39,2292429
259,2012-06-06,9.5,10.04,9.4215,9.71,1176413
260,2012-06-07,9.92,9.94,9.5,9.54,567637
261,2012-06-08,9.5,9.57,9.25,9.5,459329
262,2012-06-11,9.61,9.61,9.08,9.08,368814
263,2012-06-12,9.08,9.28,8.96,9.2,629044
264,2012-06-13,9.03,9.43,8.97,9.29,704247
265,2012-06-14,9.32,9.3299,8.95,9.08,1004615
266,2012-06-15,9.12,9.575,9.03,9.57,458912
267,2012-06-18,9.44,10.03,9.44,9.81,923356
268,2012-06-19,9.79,10.2,9.79,10.015,572882
269,2012-06-20,10.0,10.33,9.96,10.21,573858
270,2012-06-21,10.17,10.19,9.8,9.86,1116099
271,2012-06-22,9.87,10.62,9.84,10.45,1591102
272,2012-06-25,10.28,10.28,9.84,10.01,1692508
273,2012-06-26,10.04,10.14,9.73,9.75,1238560
274,2012-06-27,9.84,9.96,9.72,9.88,1247111
275,2012-06-28,9.82,9.95,9.72,9.77,1311770
276,2012-06-29,10.07,10.33,9.92,10.235,667010
277,2012-07-02,10.28,10.28,9.95,10.07,595658
278,2012-07-03,10.12,10.35,10.12,10.25,454326
279,2012-07-05,10.2,10.45,10.06,10.31,646373
280,2012-07-06,10.09,10.16,9.45,9.78,847133
281,2012-07-09,9.7,9.79,9.29,9.38,1049805
282,2012-07-10,9.36,9.6,8.92,9.045,912260
283,2012-07-11,9.09,9.09,8.65,8.89,580162
284,2012-07-12,8.71,8.92,8.43,8.84,934632
285,2012-07-13,8.84,9.17,8.804,9.02,1206973
286,2012-07-16,8.98,9.05,8.9136,9.03,990103
287,2012-07-17,9.12,9.29,8.99,9.05,940220
288,2012-07-18,9.02,9.75,9.0096,9.53,1204301
289,2012-07-19,9.7,10.25,9.64,10.19,1789871
290,2012-07-20,8.79,9.84,8.79,9.54,4869283
291,2012-07-23,9.23,9.93,9.11,9.9,1629519
292,2012-07-24,9.9,10.17,9.67,9.93,1525018
293,2012-07-25,10.0,10.46,10.0,10.13,1340238
294,2012-07-26,10.31,10.67,10.31,10.63,1059548
295,2012-07-27,10.63,11.13,10.6,11.0,652130
296,2012-07-30,10.99,11.25,10.22,10.25,1085538
297,2012-07-31,10.44,10.73,10.33,10.65,1247413
298,2012-08-01,10.74,12.0,10.03,10.74,5624313
299,2012-08-02,10.64,10.74,10.38,10.67,679659
300,2012-08-03,10.9,10.96,10.51,10.6,809127
301,2012-08-06,10.74,11.38,10.64,11.19,1123030
302,2012-08-07,11.85,12.61,11.68,12.09,2058676
303,2012-08-08,12.02,12.13,11.65,11.72,1204950
304,2012-08-09,11.74,11.97,11.54,11.85,685949
305,2012-08-10,11.77,12.0,11.59,11.9,379930
306,2012-08-13,11.81,11.95,11.445,11.735,573553
307,2012-08-14,11.91,11.91,11.44,11.49,1382187
308,2012-08-15,11.47,11.97,11.47,11.87,710358
309,2012-08-16,11.86,12.03,11.79,11.98,627344
310,2012-08-17,11.94,12.15,11.82,11.86,441361
311,2012-08-20,11.74,11.8,11.4,11.63,452202
312,2012-08-21,11.68,11.79,11.34,11.41,1070207
313,2012-08-22,11.36,11.4,10.98,11.03,1001910
314,2012-08-23,11.05,11.05,10.55,10.55,1354957
315,2012-08-24,10.56,10.67,10.4,10.62,879324
316,2012-08-27,10.7,10.73,10.355,10.46,563153
317,2012-08-28,10.35,10.57,9.91,10.25,2551688
318,2012-08-29,10.24,10.31,10.04,10.17,704211
319,2012-08-30,10.11,10.18,9.71,9.86,1185434
320,2012-08-31,9.95,10.09,9.89,10.01,669259
321,2012-09-04,10.04,10.06,9.66,9.82,1313165
322,2012-09-05,9.75,9.96,9.58,9.9,1249813
323,2012-09-06,9.96,10.38,9.89,10.1,1797384
324,2012-09-07,10.03,10.48,10.02,10.42,912817
325,2012-09-10,10.36,10.36,10.11,10.15,574632
326,2012-09-11,10.14,10.32,10.02,10.19,539831
327,2012-09-12,10.22,10.62,10.22,10.59,1695822
328,2012-09-13,10.6,11.03,10.34,10.97,1790763
329,2012-09-14,10.99,11.69,10.96,11.19,1608059
330,2012-09-17,11.13,11.16,10.77,10.92,628284
331,2012-09-18,10.74,10.93,10.64,10.81,704324
332,2012-09-19,10.79,10.8,10.55,10.62,923464
333,2012-09-20,10.6,10.6,10.09,10.13,1084883
334,2012-09-21,10.22,10.28,10.06,10.12,772930
335,2012-09-24,10.13,10.13,9.51,9.52,1114601
336,2012-09-25,9.61,9.75,9.14,9.15,2358392
337,2012-09-26,9.05,9.3,8.89,9.18,1197838
338,2012-09-27,9.65,9.75,9.39,9.58,892259
339,2012-09-28,9.53,9.56,9.41,9.52,1136684
340,2012-10-01,9.52,9.78,9.42,9.46,1047160
341,2012-10-02,9.5,9.59,9.47,9.59,591211
342,2012-10-03,9.58,9.595,9.41,9.46,844247
343,2012-10-04,9.49,9.72,9.46,9.57,603171
344,2012-10-05,9.64,9.93,9.54,9.55,621565
345,2012-10-08,9.48,9.575,9.39,9.51,420581
346,2012-10-09,9.49,9.51,9.31,9.4,1215727
347,2012-10-10,9.31,9.46,9.13,9.24,1116243
348,2012-10-11,9.29,9.36,9.05,9.22,1060809
349,2012-10-12,9.21,9.28,9.12,9.17,530319
350,2012-10-15,9.19,9.36,9.17,9.29,466007
351,2012-10-16,9.26,9.615,9.25,9.6,493235
352,2012-10-17,9.58,9.69,9.49,9.6,380521
353,2012-10-18,9.58,9.78,9.45,9.5,346433
354,2012-10-19,9.43,9.44,9.12,9.28,1806720
355,2012-10-22,9.28,9.46,9.27,9.39,555092
356,2012-10-23,9.18,9.325,8.945,9.27,1276354
357,2012-10-24,9.3,9.46,9.065,9.17,2171791
358,2012-10-25,9.28,9.32,8.75,8.86,2411115
359,2012-10-26,8.6,9.27,8.5,9.1299,1518319
360,2012-10-31,9.22,9.47,8.83,8.93,607238
361,2012-11-01,9.0,9.6,8.93,9.58,687562
362,2012-11-02,9.65,9.65,8.98,9.02,502258
363,2012-11-05,9.0,9.37,8.972,9.3,351005
364,2012-11-06,9.36,9.68,9.3002,9.67,671154
365,2012-11-07,9.55,9.59,9.02,9.18,744539
366,2012-11-08,9.22,9.32,8.98,8.99,416072
367,2012-11-09,8.97,9.16,8.62,8.65,608492
368,2012-11-12,8.77,8.77,8.49,8.52,633345
369,2012-11-13,8.53,8.56,8.16,8.21,682838
370,2012-11-14,8.25,8.37,8.02,8.15,1070388
371,2012-11-15,8.14,8.23,8.02,8.09,407906
372,2012-11-16,8.11,8.14,7.63,7.66,738917
373,2012-11-19,7.79,7.98,7.68,7.92,916110
374,2012-11-20,7.88,8.47,7.82,8.46,902937
375,2012-11-21,8.41,8.73,8.16,8.27,585732
376,2012-11-23,8.36,8.57,8.31,8.49,111883
377,2012-11-26,8.45,8.68,8.39,8.67,506381
378,2012-11-27,8.68,8.98,8.65,8.75,583684
379,2012-11-28,8.54,9.21,8.5106,9.19,963732
380,2012-11-29,9.17,9.38,9.16,9.29,394592
381,2012-11-30,9.27,9.52,9.125,9.27,536058
382,2012-12-03,9.35,9.4,9.18,9.25,531264
383,2012-12-04,9.23,9.42,9.06,9.17,611701
384,2012-12-05,9.06,9.3,8.91,9.25,669674
385,2012-12-06,9.23,9.605,9.12,9.43,711964
386,2012-12-07,9.45,9.56,9.225,9.4,643120
387,2012-12-10,9.25,9.54,9.22,9.43,492687
388,2012-12-11,9.44,9.99,9.34,9.96,708128
389,2012-12-12,9.97,10.09,9.56,9.8,633405
390,2012-12-13,9.85,9.94,9.48,9.76,755014
391,2012-12-14,9.76,9.94,9.58,9.74,599961
392,2012-12-17,9.74,10.0,9.67,9.98,344634
393,2012-12-18,10.0,10.825,9.92,10.59,1454487
394,2012-12-19,10.57,11.07,10.55,11.055,1331202
395,2012-12-20,10.95,11.1,10.78,10.94,533955
396,2012-12-21,10.76,10.91,10.44,10.45,916083
397,2012-12-24,10.47,10.64,10.38,10.41,428315
398,2012-12-26,10.46,10.95,10.46,10.85,422863
399,2012-12-27,10.84,10.95,10.5,10.92,760245
400,2012-12-28,10.78,10.92,10.57,10.71,426946
401,2012-12-31,10.61,11.08,10.61,11.01,745884
402,2013-01-02,11.37,12.02,11.28,11.56,1731967
403,2013-01-03,11.49,11.66,11.35,11.57,676111
404,2013-01-04,10.39,11.69,10.38,11.61,1507973
405,2013-01-07,11.33,11.68,11.28,11.65,564201
406,2013-01-08,11.57,11.62,11.265,11.39,607279
407,2013-01-09,11.38,11.59,11.35,11.43,466942
408,2013-01-10,11.43,11.61,11.3,11.53,704524
409,2013-01-11,11.59,11.695,11.41,11.51,398752
410,2013-01-14,11.35,11.49,11.2,11.47,1302277
411,2013-01-15,11.31,11.47,11.18,11.28,867678
412,2013-01-16,11.25,12.14,11.25,11.91,1427687
413,2013-01-17,11.98,12.06,11.88,11.93,1136209
414,2013-01-18,11.84,11.93,11.75,11.85,340037
415,2013-01-22,11.79,11.98,11.755,11.89,732206
416,2013-01-23,11.9,12.16,11.83,12.095,787918
417,2013-01-24,12.01,12.16,11.88,12.06,969570
418,2013-01-25,12.05,12.12,11.93,12.01,1060533
419,2013-01-28,11.98,12.3,11.98,12.25,3748397
420,2013-01-29,12.17,12.46,12.06,12.39,1619484
421,2013-01-30,13.46,14.93,13.4,14.23,5436962
422,2013-01-31,14.3,14.74,14.25,14.47,2058939
423,2013-02-01,14.68,14.9,14.3,14.79,2077541
424,2013-02-04,14.57,14.86,14.48,14.57,1510075
425,2013-02-05,14.67,14.99,14.4,14.52,1666564
426,2013-02-06,14.42,15.0,14.31,14.97,1395478
427,2013-02-07,14.86,15.2,14.66,15.17,1639798
428,2013-02-08,15.62,15.62,15.2,15.49,1981221
429,2013-02-11,15.43,15.87,15.33,15.8001,1828681
430,2013-02-12,15.67,15.97,15.57,15.66,1176961
431,2013-02-13,15.64,15.93,15.46,15.705,1488606
432,2013-02-14,15.72,16.0,15.66,15.89,1485849
433,2013-02-15,15.79,15.9,15.35,15.62,1240165
434,2013-02-19,15.58,15.95,15.52,15.82,1505812
435,2013-02-20,15.89,16.0,14.94,15.1,2747388
436,2013-02-21,14.97,15.23,14.77,14.99,2135531
437,2013-02-22,15.17,15.44,15.12,15.27,886939
438,2013-02-25,15.44,15.5,14.92,14.92,820728
439,2013-02-26,15.07,15.25,14.78,15.14,824350
440,2013-02-27,15.1,15.68,15.07,15.46,1743699
441,2013-02-28,15.41,15.8,15.3,15.43,1503729
442,2013-03-01,15.22,15.27,14.91,15.16,2009345
443,2013-03-04,15.12,15.23,14.71,15.18,1835337
444,2013-03-05,15.3,15.74,15.24,15.62,2158153
445,2013-03-06,15.64,15.73,15.45,15.55,896970
446,2013-03-07,15.62,16.15,15.62,15.72,1824676
447,2013-03-08,15.85,16.0472,15.64,16.01,1246252
448,2013-03-11,15.89,16.135,15.83,16.02,1092190
449,2013-03-12,16.0,16.0,15.36,15.68,1528502
450,2013-03-13,15.46,15.88,15.25,15.82,1950980
451,2013-03-14,15.81,15.99,15.65,15.91,1354533
452,2013-03-15,15.87,15.87,15.22,15.33,1601314
453,2013-03-18,15.01,15.23,14.79,14.79,1581634
454,2013-03-19,14.86,14.93,14.66,14.86,1060931
455,2013-03-20,15.03,15.25,14.95,15.05,1443108
456,2013-03-21,14.91,14.95,14.39,14.52,1625484
457,2013-03-22,14.63,14.63,14.3,14.32,1512877
458,2013-03-25,14.42,14.53,14.255,14.38,2677634
459,2013-03-26,14.48,14.61,14.38,14.49,673944
460,2013-03-27,14.35,14.6,14.2,14.48,406691
461,2013-03-28,14.57,15.0,14.45,14.88,1182320
462,2013-04-01,14.88,14.88,14.25,14.34,1581686
463,2013-04-02,14.36,14.43,13.835,13.905,1552334
464,2013-04-03,13.89,13.96,13.655,13.8,1983795
465,2013-04-04,13.8,14.13,13.57,14.1,2934793
466,2013-04-05,13.82,13.915,13.425,13.86,1232500
467,2013-04-08,13.85,14.18,13.74,14.17,1299658
468,2013-04-09,14.23,14.67,14.22,14.52,1570546
469,2013-04-10,14.54,14.93,14.31,14.91,1076726
470,2013-04-11,14.8,14.9,14.65,14.72,1190497
471,2013-04-12,14.66,14.66,14.34,14.52,696698
472,2013-04-15,14.31,14.49,14.055,14.26,2462794
473,2013-04-16,14.47,14.91,14.41,14.85,2239016
474,2013-04-17,14.65,14.65,13.35,13.61,4225078
475,2013-04-18,13.68,14.03,13.065,13.09,1266173
476,2013-04-19,13.12,13.2599,12.675,12.73,1212795
477,2013-04-22,12.76,13.11,12.35,13.07,1235873
478,2013-04-23,13.25,13.86,13.13,13.79,1446692
479,2013-04-24,13.74,14.27,13.7,14.23,1523418
480,2013-04-25,14.14,14.93,14.14,14.55,2039788
481,2013-04-26,15.61,16.27,15.28,15.72,5369396
482,2013-04-29,15.81,15.84,15.49,15.61,1740757
483,2013-04-30,15.47,15.54,15.08,15.47,2916147
484,2013-05-01,15.33,15.43,14.43,14.64,1804806
485,2013-05-02,14.77,14.78,14.37,14.68,1536936
486,2013-05-03,15.21,15.48,15.01,15.135,1244813
487,2013-05-06,15.18,15.425,15.16,15.24,808743
488,2013-05-07,15.33,15.33,15.05,15.16,777642
489,2013-05-08,15.17,15.32,15.1001,15.26,1145874
490,2013-05-09,15.15,15.49,15.15,15.32,2028651
491,2013-05-10,15.44,16.24,15.4,16.0,2289166
492,2013-05-13,16.05,16.05,15.61,15.83,1626040
493,2013-05-14,15.8,16.44,15.78,15.99,2200109
494,2013-05-15,15.79,16.565,15.7201,16.49,3873984
495,2013-05-16,17.32,17.44,16.51,16.64,3816058
496,2013-05-17,16.8,16.87,16.53,16.54,1713655
497,2013-05-20,16.46,16.86,16.46,16.69,1089371
498,2013-05-21,16.72,16.8,16.59,16.66,439806
499,2013-05-22,16.57,16.83,15.93,16.03,1652395
500,2013-05-23,15.92,16.41,15.52,16.27,1196282
501,2013-05-24,16.19,16.19,15.84,16.06,666747
502,2013-05-28,16.31,16.4094,15.98,16.01,726869
503,2013-05-29,15.86,16.035,15.71,15.98,819958
504,2013-05-30,16.04,16.415,15.96,16.31,1162449
505,2013-05-31,16.2,16.28,15.91,15.91,630596
506,2013-06-03,15.93,16.035,15.35,15.81,1106491
507,2013-06-04,15.96,16.35,15.63,15.87,1640924
508,2013-06-05,15.85,15.88,15.02,15.38,1680820
509,2013-06-06,15.41,15.7,15.16,15.3,1618087
510,2013-06-07,15.6,15.83,15.465,15.78,961073
511,2013-06-10,15.91,16.02,15.83,15.96,982065
512,2013-06-11,15.62,15.71,15.05,15.19,1137713
513,2013-06-12,15.32,15.35,14.415,14.62,1554500
514,2013-06-13,14.61,14.97,14.332,14.92,1453743
515,2013-06-14,14.78,15.19,14.67,14.97,927379
516,2013-06-17,15.16,15.44,15.08,15.2,853400
517,2013-06-18,15.26,15.39,15.0,15.23,1051867
518,2013-06-19,15.18,15.295,14.84,14.89,892638
519,2013-06-20,14.64,14.66,13.82,14.07,1344413
520,2013-06-21,14.18,14.41,13.46,14.02,2761145
521,2013-06-24,13.86,13.86,13.13,13.38,2309496
522,2013-06-25,13.6,13.8099,13.5,13.76,1788555
523,2013-06-26,13.94,14.38,13.87,13.94,1825735
524,2013-06-27,14.05,14.149,13.745,14.0,1127060
525,2013-06-28,13.85,13.91,13.37,13.55,2365727
526,2013-07-01,13.66,14.01,13.57,13.63,1007840
527,2013-07-02,13.64,13.8,13.47,13.72,1060245
528,2013-07-03,13.62,13.71,13.47,13.56,593394
529,2013-07-05,13.69,14.06,13.53,14.04,565338
530,2013-07-08,14.05,14.23,13.54,13.74,1028246
531,2013-07-09,14.34,15.8,14.21,14.91,3625266
532,2013-07-10,14.84,15.169,14.61,14.77,1135849
533,2013-07-11,14.94,15.18,14.83,15.14,1383183
534,2013-07-12,15.12,15.14,14.97,15.1,707521
535,2013-07-15,15.11,15.32,14.9801,15.27,706041
536,2013-07-16,15.24,15.2675,14.79,14.85,920966
537,2013-07-17,14.9,15.32,14.84,15.31,1195449
538,2013-07-18,15.23,15.525,15.1,15.43,1306644
539,2013-07-19,15.37,15.42,15.16,15.42,917521
540,2013-07-22,15.49,15.75,15.4,15.54,1091635
541,2013-07-23,15.83,16.72,15.77,16.18,3783910
542,2013-07-24,16.24,16.428,15.695,15.88,1725775
543,2013-07-25,15.88,16.5,15.65,16.3,5782116
544,2013-07-26,15.5,15.87,14.91,15.34,2912018
545,2013-07-29,15.33,15.39,14.9741,15.1,1650535
546,2013-07-30,15.08,15.38,14.865,15.15,2234326
547,2013-07-31,15.2,15.8,15.18,15.71,1785415
548,2013-08-01,15.77,16.28,15.65,16.22,2500913
549,2013-08-02,16.07,16.255,15.86,16.05,984600
550,2013-08-05,15.96,16.14,15.855,15.91,1325297
551,2013-08-06,15.92,15.94,15.36,15.72,1218627
552,2013-08-07,15.57,15.7,15.27,15.66,814561
553,2013-08-08,15.76,15.86,15.43,15.67,670339
554,2013-08-09,15.67,15.76,15.32,15.42,709223
555,2013-08-12,15.35,15.67,15.35,15.46,749339
556,2013-08-13,15.58,15.58,15.26,15.39,646000
557,2013-08-14,15.33,15.45,15.14,15.29,822184
558,2013-08-15,15.06,15.06,14.3,14.39,1416793
559,2013-08-16,14.02,14.51,14.0,14.48,2339757
560,2013-08-19,14.39,14.44,14.23,14.34,992498
561,2013-08-20,14.33,14.52,14.21,14.31,779832
562,2013-08-21,14.24,14.24,13.86,13.94,747349
563,2013-08-22,14.05,14.33,14.03,14.22,1068561
564,2013-08-23,14.32,14.59,14.05,14.24,670172
565,2013-08-26,14.31,14.55,14.17,14.3,653593
566,2013-08-27,14.0,14.14,13.75,13.99,1250771
567,2013-08-28,14.1,14.38,14.05,14.29,1033165
568,2013-08-29,14.28,14.73,14.21,14.55,924656
569,2013-08-30,14.57,14.64,14.25,14.33,705175
570,2013-09-03,14.76,14.9,14.08,14.15,1452131
571,2013-09-04,14.06,14.97,14.01,14.96,1483152
572,2013-09-05,14.94,15.66,14.93,15.66,2486191
573,2013-09-06,15.77,15.865,15.42,15.55,1073258
574,2013-09-09,15.58,16.105,15.57,15.8,1147062
575,2013-09-10,15.95,16.78,15.91,16.72,2117347
576,2013-09-11,16.72,16.96,16.58,16.94,1480577
577,2013-09-12,16.87,17.11,16.63,16.89,1247158
578,2013-09-13,16.9,16.97,16.64,16.87,601586
579,2013-09-16,17.02,17.2,16.785,16.84,1182455
580,2013-09-17,16.94,17.4,16.89,17.27,668043
581,2013-09-18,17.21,17.41,17.03,17.21,854437
582,2013-09-19,17.35,17.44,17.0,17.05,1011739
583,2013-09-20,17.11,17.2,16.76,16.96,2368898
584,2013-09-23,17.02,17.08,16.65,16.74,1076335
585,2013-09-24,16.83,16.83,16.39,16.62,1595495
586,2013-09-25,16.67,16.88,16.41,16.54,1264895
587,2013-09-26,16.63,16.94,16.39,16.44,927511
588,2013-09-27,16.34,16.645,16.29,16.39,718408
589,2013-09-30,16.19,16.75,16.06,16.64,929000
590,2013-10-01,16.65,17.25,16.65,16.92,1164908
591,2013-10-02,16.85,17.04,16.71,16.95,866883
592,2013-10-03,16.95,17.12,16.3,16.53,1787058
593,2013-10-04,16.49,16.66,16.44,16.49,720652
594,2013-10-07,16.26,16.45,16.18,16.29,1259995
595,2013-10-08,16.33,16.34,15.66,16.01,1659395
596,2013-10-09,16.05,16.27,15.74,16.06,1182291
597,2013-10-10,16.2,16.65,16.2,16.58,1274847
598,2013-10-11,16.52,16.86,16.47,16.77,828267
599,2013-10-14,16.6,16.98,16.44,16.84,529804
600,2013-10-15,16.82,16.92,16.335,16.48,1041016
601,2013-10-16,16.52,16.845,16.385,16.39,1159492
602,2013-10-17,16.3,17.3,16.08,17.2,1194748
603,2013-10-18,17.4,17.68,17.2,17.63,1100112
604,2013-10-21,17.69,17.82,17.49,17.725,1007470
605,2013-10-22,17.73,17.76,17.26,17.415,1476060
606,2013-10-23,17.16,17.21,16.08,16.12,2195771
607,2013-10-24,16.15,16.58,16.15,16.41,1795727
608,2013-10-25,15.6,15.87,15.39,15.56,5343974
609,2013-10-28,15.43,15.72,15.41,15.48,1732826
610,2013-10-29,15.55,15.73,15.43,15.44,1484180
611,2013-10-30,15.42,15.519,15.08,15.22,1584689
612,2013-10-31,15.25,15.63,15.18,15.43,1523984
613,2013-11-01,15.56,15.74,15.43,15.69,1446680
614,2013-11-04,15.63,15.79,15.33,15.48,881109
615,2013-11-05,15.3,15.3,14.81,14.83,1642434
616,2013-11-06,14.84,15.13,14.79,15.06,1020903
617,2013-11-07,15.15,15.21,14.675,14.74,1014530
618,2013-11-08,14.73,14.96,14.51,14.85,791493
619,2013-11-11,14.75,14.98,14.622,14.84,681578
620,2013-11-12,14.73,15.0,14.66,14.89,748195
621,2013-11-13,14.83,14.91,14.71,14.81,776268
622,2013-11-14,14.73,14.87,14.63,14.79,663917
623,2013-11-15,14.78,14.94,14.69,14.77,1971840
624,2013-11-18,14.82,14.92,14.44,14.5,2131748
625,2013-11-19,14.5,14.69,13.95,13.975,1890018
626,2013-11-20,14.1,14.39,14.03,14.1,749596
627,2013-11-21,14.21,14.325,14.14,14.27,611519
628,2013-11-22,14.19,14.32,14.1,14.25,769070
629,2013-11-25,14.36,14.52,14.18,14.42,810321
630,2013-11-26,14.4,14.72,14.4,14.56,1358041
631,2013-11-27,14.53,14.555,14.34,14.51,912473
632,2013-11-29,14.59,14.72,14.5,14.55,253568
633,2013-12-02,14.51,14.51,14.19,14.33,698449
634,2013-12-03,14.32,14.5,14.23,14.38,1382081
635,2013-12-04,14.27,14.87,14.27,14.7,787974
636,2013-12-05,14.69,14.718,14.47,14.59,512865
637,2013-12-06,14.76,14.92,14.73,14.82,800336
638,2013-12-09,14.83,15.11,14.725,14.92,772436
639,2013-12-10,14.92,15.08,14.81,14.81,529656
640,2013-12-11,14.8,14.83,14.31,14.48,620747
641,2013-12-12,14.43,14.47,14.12,14.26,896147
642,2013-12-13,14.28,14.44,14.155,14.37,425164
643,2013-12-16,14.51,14.69,14.37,14.49,1126523
644,2013-12-17,14.5,14.81,14.39,14.8,839263
645,2013-12-18,14.8,15.82,14.73,15.81,2551209
646,2013-12-19,15.72,15.735,15.445,15.62,1370041
647,2013-12-20,15.51,15.63,15.32,15.34,1339438
648,2013-12-23,15.44,15.69,15.37,15.46,950398
649,2013-12-24,15.5,15.71,15.5,15.61,267188
650,2013-12-26,15.72,15.75,15.59,15.62,1091095
651,2013-12-27,15.63,15.7,15.54,15.64,320158
652,2013-12-30,15.64,15.82,15.5,15.77,481913
653,2013-12-31,15.8,16.09,15.8,16.05,452536
654,2014-01-02,15.9,15.99,15.49,15.49,542308
655,2014-01-03,15.49,15.6,15.255,15.36,964679
656,2014-01-06,15.5,15.54,15.17,15.22,820627
657,2014-01-07,15.32,15.35,15.1,15.19,740211
658,2014-01-08,15.18,15.59,15.165,15.38,1300024
659,2014-01-09,15.38,15.46,15.11,15.15,1264715
660,2014-01-10,15.22,15.45,15.22,15.35,1169891
661,2014-01-13,14.71,15.44,14.71,15.18,920964
662,2014-01-14,15.25,15.95,15.25,15.89,1584766
663,2014-01-15,15.91,16.26,15.85,16.18,1491285
664,2014-01-16,16.18,16.49,15.985,16.29,1654887
665,2014-01-17,16.19,16.3699,16.1,16.29,905877
666,2014-01-21,16.4,16.57,16.19,16.4,1706593
667,2014-01-22,16.41,16.63,16.33,16.42,1658274
668,2014-01-23,16.32,16.41,15.825,15.89,1076704
669,2014-01-24,15.73,15.78,15.225,15.24,1156646
670,2014-01-27,15.32,15.45,15.06,15.3,1414688
671,2014-01-28,15.28,15.42,15.08,15.31,2361588
672,2014-01-29,17.34,18.27,17.05,17.53,11553580
673,2014-01-30,17.65,18.19,17.47,18.17,3211490
674,2014-01-31,17.81,18.31,17.72,18.13,2298073
675,2014-02-03,18.09,18.19,17.135,17.43,2796961
676,2014-02-04,17.53,17.84,17.35,17.55,1564724
677,2014-02-05,17.37,17.48,17.12,17.19,1616591
678,2014-02-06,17.23,17.82,17.23,17.73,976246
679,2014-02-07,17.82,18.2,17.71,18.02,963566
680,2014-02-10,17.61,18.95,17.39,18.28,4623196
681,2014-02-11,18.4,19.0,18.125,18.76,2713493
682,2014-02-12,19.6,20.56,19.38,20.485,22361214
683,2014-02-13,20.4,21.08,20.35,20.93,5879470
684,2014-02-14,20.81,21.06,20.6,20.965,3470277
685,2014-02-18,20.97,21.87,20.88,21.78,3591274
686,2014-02-19,21.63,22.79,21.63,22.4,6469575
687,2014-02-20,22.35,22.7,22.055,22.47,2719178
688,2014-02-21,23.17,23.29,22.28,22.7,2734554
689,2014-02-24,22.62,22.72,22.34,22.4,2412631
690,2014-02-25,22.49,22.49,21.91,22.46,2458966
691,2014-02-26,22.41,23.0,22.38,22.83,2422492
692,2014-02-27,22.75,23.12,22.67,22.96,1464095
693,2014-02-28,22.91,23.14,22.564,22.76,1938154
694,2014-03-03,22.42,22.8,22.101,22.605,1986491
695,2014-03-04,22.91,23.42,22.9,23.29,2176786
696,2014-03-05,23.39,23.655,23.25,23.37,1092592
697,2014-03-06,23.51,23.57,23.19,23.41,1106582
698,2014-03-07,23.77,23.77,23.07,23.385,1831653
699,2014-03-10,23.18,23.36,22.76,23.08,2302133
700,2014-03-11,23.15,23.51,22.5693,22.68,1884676
701,2014-03-12,22.56,23.04,22.39,23.03,2045406
702,2014-03-13,23.09,23.09,21.705,22.06,3018523
703,2014-03-14,22.06,22.4,21.85,22.23,1913878
704,2014-03-17,22.36,22.67,22.3,22.53,1051948
705,2014-03-18,22.65,23.0,22.6,22.89,1059362
706,2014-03-19,23.12,23.18,22.5,22.65,1291868
707,2014-03-20,22.63,23.75,22.6,23.65,2605146
708,2014-03-21,23.88,23.97,23.15,23.34,2349744
709,2014-03-24,23.41,23.47,22.78,23.11,1507246
710,2014-03-25,23.49,24.25,23.49,23.95,2907788
711,2014-03-26,24.16,24.39,23.63,23.65,1846872
712,2014-03-27,23.66,23.95,23.25,23.46,1523040
713,2014-03-28,23.67,24.21,23.64,23.69,2157517
714,2014-03-31,23.8,24.42,23.8,24.41,1000714
715,2014-04-01,24.51,25.245,24.5,25.16,2406571
716,2014-04-02,25.24,25.39,24.75,24.91,2186309
717,2014-04-03,25.45,26.0,24.72,24.99,2187910
718,2014-04-04,25.23,25.23,23.27,23.7,4540872
719,2014-04-07,23.68,24.27,23.48,23.92,3509672
720,2014-04-08,23.91,24.74,23.89,24.67,3379271
721,2014-04-09,24.68,25.2899,24.43,25.27,1813632
722,2014-04-10,25.4,25.43,24.59,24.67,2797897
723,2014-04-11,23.8,25.165,23.72,24.08,2890925
724,2014-04-14,24.11,24.2686,23.59,23.92,2759521
725,2014-04-15,24.14,24.85,23.66,24.19,3233376
726,2014-04-16,24.38,24.5,23.3,24.12,2300753
727,2014-04-17,24.07,24.73,24.0,24.4,1715567
728,2014-04-21,24.53,24.82,24.25,24.45,789100
729,2014-04-22,24.43,24.95,24.3601,24.93,901760
730,2014-04-23,24.79,25.08,24.63,24.81,1221531
731,2014-04-24,25.04,25.9,25.02,25.89,2921426
732,2014-04-25,24.7,24.9899,22.02,22.3,8262459
733,2014-04-28,22.51,22.96,21.11,21.54,3874717
734,2014-04-29,21.66,22.25,21.08,22.09,3879463
735,2014-04-30,22.02,22.08,21.6,21.97,2873095
736,2014-05-01,21.97,22.97,21.81,22.0,2890024
737,2014-05-02,22.06,22.31,21.86,22.02,1854479
738,2014-05-05,21.92,22.26,21.61,22.17,1567463
739,2014-05-06,21.98,22.26,21.69,21.75,1705366
740,2014-05-07,21.78,21.87,20.91,21.46,2125621
741,2014-05-08,21.3,22.37,21.25,21.68,1947186
742,2014-05-09,21.64,21.76,21.17,21.53,1159543
743,2014-05-12,21.7,22.42,21.6,22.35,1958951
744,2014-05-13,22.39,22.4399,21.7,21.89,1962033
745,2014-05-14,21.79,22.11,21.58,21.61,1135086
746,2014-05-15,21.58,21.625,20.88,21.08,1862664
747,2014-05-16,21.09,21.42,20.93,21.24,1596708
748,2014-05-19,21.13,21.75,21.13,21.59,1663037
749,2014-05-20,21.56,21.638,20.945,21.1,1352108
750,2014-05-21,21.22,21.43,20.81,21.07,1536415
751,2014-05-22,21.12,21.665,21.06,21.43,1454591
752,2014-05-23,21.48,22.275,21.315,22.09,1865455
753,2014-05-27,22.22,22.63,22.05,22.63,1606091
754,2014-05-28,22.63,22.665,22.18,22.35,1909119
755,2014-05-29,22.36,22.755,22.31,22.5,1041144
756,2014-05-30,22.49,22.5,21.98,22.2,927450
757,2014-06-02,22.41,22.49,22.0,22.22,826700
758,2014-06-03,22.2,22.54,22.06,22.51,749950
759,2014-06-04,22.45,23.02,22.41,22.99,994891
760,2014-06-05,22.9,23.5,22.78,23.47,1198909
761,2014-06-06,23.63,23.84,23.37,23.65,1356493
762,2014-06-09,24.03,24.07,23.675,23.82,1514780
763,2014-06-10,23.75,24.45,23.75,24.38,1140816
764,2014-06-11,24.26,24.63,24.25,24.36,1686244
765,2014-06-12,24.31,24.61,23.68,23.76,2173037
766,2014-06-13,23.97,24.025,23.49,23.635,1146600
767,2014-06-16,23.64,24.0,23.55,23.87,948704
768,2014-06-17,23.82,24.6,23.75,24.535,1107015
769,2014-06-18,24.54,24.6,23.77,24.15,1478862
770,2014-06-19,24.18,24.18,23.69,24.08,1138366
771,2014-06-20,24.01,24.32,23.92,24.27,1751418
772,2014-06-23,24.31,24.53,24.145,24.22,1196773
773,2014-06-24,24.25,24.25,23.18,23.23,1502282
774,2014-06-25,23.14,23.41,22.79,23.37,1023913
775,2014-06-26,23.4,23.43,22.925,23.295,979323
776,2014-06-27,23.23,23.49,23.23,23.39,2010066
777,2014-06-30,23.4,23.755,23.33,23.49,757303
778,2014-07-01,23.73,23.98,23.59,23.84,1100076
779,2014-07-02,23.86,24.28,23.85,23.98,753697
780,2014-07-03,23.95,24.26,23.85,23.88,545777
781,2014-07-07,23.89,24.0,23.5,23.68,898535
782,2014-07-08,23.56,23.58,23.0,23.52,1363723
783,2014-07-09,23.43,23.5,23.04,23.26,640712
784,2014-07-10,22.93,23.29,22.6,22.99,1073409
785,2014-07-11,22.99,23.24,22.91,23.04,1280285
786,2014-07-14,23.35,23.6,23.17,23.44,787770
787,2014-07-15,23.39,23.5,23.105,23.26,1023651
788,2014-07-16,23.5,23.84,23.31,23.81,708505
789,2014-07-17,23.74,23.82,23.14,23.2,1493340
790,2014-07-18,23.26,24.08,23.17,24.01,1081073
791,2014-07-21,24.0,24.1,23.71,23.96,736592
792,2014-07-22,24.12,24.49,23.91,24.37,888857
793,2014-07-23,23.86,23.89,22.51,22.55,5023646
794,2014-07-24,22.75,23.34,21.97,22.081,5061611
795,2014-07-25,21.54,21.61,19.94,19.98,6187723
796,2014-07-28,20.22,20.5,19.65,20.4,2712467
797,2014-07-29,20.3,20.49,19.93,20.18,2470246
798,2014-07-30,20.69,20.73,20.26,20.47,2060428
799,2014-07-31,20.2,20.28,19.66,20.01,2566727
800,2014-08-01,19.94,20.27,19.25,19.61,2443035
801,2014-08-04,19.68,19.79,19.25,19.49,2928410
802,2014-08-05,19.36,19.63,19.2,19.38,2730837
803,2014-08-06,19.28,19.62,19.24,19.37,830931
804,2014-08-07,19.47,19.56,18.86,19.05,1443929
805,2014-08-08,19.04,19.41,18.89,19.18,1371294
806,2014-08-11,19.38,19.67,19.19,19.55,1162979
807,2014-08-12,19.49,19.76,19.38,19.67,1055219
808,2014-08-13,19.74,19.87,19.65,19.7,1252433
809,2014-08-14,19.77,19.94,19.6,19.8,1115182
810,2014-08-15,19.91,19.99,19.55,19.84,1205649
811,2014-08-18,20.0,20.0,19.67,19.94,1511345
812,2014-08-19,20.02,20.63,19.99,20.615,1716194
813,2014-08-20,20.61,20.8,20.4756,20.76,1414311
814,2014-08-21,20.68,20.905,20.55,20.83,856490
815,2014-08-22,20.72,21.03,20.62,20.82,1136299
816,2014-08-25,21.01,21.01,20.65,20.98,955104
817,2014-08-26,20.97,21.15,20.92,21.0,1401508
818,2014-08-27,21.1,21.14,20.81,20.95,986010
819,2014-08-28,20.81,20.9,20.47,20.87,843661
820,2014-08-29,20.97,21.22,20.96,21.05,1049978
821,2014-09-02,21.14,21.275,20.99,21.21,956692
822,2014-09-03,21.33,21.37,21.095,21.18,845135
823,2014-09-04,21.28,21.48,21.2,21.31,805336
824,2014-09-05,21.23,21.4,21.08,21.36,664184
825,2014-09-08,21.32,21.84,21.3,21.71,3619443
826,2014-09-09,21.7,21.94,21.46,21.7,1582966
827,2014-09-10,21.6,21.64,21.205,21.39,2245583
828,2014-09-11,21.17,21.465,21.0801,21.37,2333685
829,2014-09-12,21.39,21.41,20.59,20.76,3535514
830,2014-09-15,20.81,20.82,19.95,20.25,2897682
831,2014-09-16,20.2,21.14,20.12,21.02,1961376
832,2014-09-17,21.06,21.92,20.99,21.76,1801678
833,2014-09-18,21.83,22.58,21.56,22.53,2429946
834,2014-09-19,22.54,22.63,21.82,21.91,1779630
835,2014-09-22,21.81,21.85,21.38,21.62,1490028
836,2014-09-23,21.44,21.64,21.06,21.06,1644755
837,2014-09-24,21.12,21.47,21.04,21.21,2009207
838,2014-09-25,21.17,21.25,20.26,20.34,1995999
839,2014-09-26,20.47,20.749,20.35,20.62,1626603
840,2014-09-29,20.33,20.65,20.185,20.37,1752206
841,2014-09-30,20.38,20.43,19.32,19.53,4432078
842,2014-10-01,19.44,19.48,18.86,18.86,2363947
843,2014-10-02,18.77,18.88,18.05,18.84,2847495
844,2014-10-03,19.02,19.02,18.56,18.57,3894397
845,2014-10-06,18.65,18.78,18.325,18.54,1601272
846,2014-10-07,18.4,18.5,17.62,17.93,4153406
847,2014-10-08,17.82,18.755,17.82,18.66,3395331
848,2014-10-09,18.56,18.666,17.87,17.951,2563929
849,2014-10-10,15.95,16.6,15.29,16.005,8126783
850,2014-10-13,15.45,16.54,15.43,15.545,5320752
851,2014-10-14,15.86,16.64,15.67,15.89,3549451
852,2014-10-15,15.59,16.82,15.46,16.14,3598625
853,2014-10-16,16.35,16.65,16.04,16.6,2586192
854,2014-10-17,16.96,17.64,16.44,16.54,3374651
855,2014-10-20,16.49,17.0,16.35,16.86,2961562
856,2014-10-21,17.25,17.925,17.12,17.84,2661355
857,2014-10-22,17.96,18.09,17.48,17.57,2912755
858,2014-10-23,17.72,18.22,17.69,18.06,2666964
859,2014-10-24,17.0,18.81,16.8,18.59,6648558
860,2014-10-27,18.41,18.6,17.92,18.29,3514569
861,2014-10-28,18.45,18.97,18.4,18.88,1752032
862,2014-10-29,18.79,18.96,18.21,18.55,2231377
863,2014-10-30,18.38,18.63,17.82,18.29,3333321
864,2014-10-31,18.89,21.26,18.815,19.9,7004555
865,2014-11-03,19.77,20.26,19.71,19.825,3058930
866,2014-11-04,19.79,19.88,19.355,19.39,2056540
867,2014-11-05,19.53,19.69,19.29,19.58,2401386
868,2014-11-06,19.6,19.91,19.54,19.61,2046144
869,2014-11-07,19.65,19.955,19.34,19.78,1997139
870,2014-11-10,19.75,20.49,19.75,20.34,2050664
871,2014-11-11,20.2,20.31,19.76,19.92,1210309
872,2014-11-12,19.76,19.92,19.55,19.73,889739
873,2014-11-13,19.75,20.07,19.17,19.36,3101062
874,2014-11-14,19.39,19.86,19.01,19.67,1974666
875,2014-11-17,19.5,19.87,19.43,19.8225,2048216
876,2014-11-18,19.84,20.64,19.75,20.51,1959597
877,2014-11-19,20.48,20.5,20.0,20.0,1058536
878,2014-11-20,19.85,20.34,19.68,20.02,1523891
879,2014-11-21,20.42,20.8,20.24,20.7725,1527492
880,2014-11-24,20.77,21.24,20.7,21.02,1610133
881,2014-11-25,21.09,21.12,20.79,20.98,790868
882,2014-11-26,20.96,21.83,20.9,21.83,1364728
883,2014-11-28,21.62,21.72,21.42,21.69,489722
884,2014-12-01,21.63,21.63,20.72,20.82,1893712
885,2014-12-02,20.97,21.42,20.38,21.36,1409585
886,2014-12-03,21.5,23.33,21.39,23.16,5166782
887,2014-12-04,23.21,23.575,22.94,23.43,2110843
888,2014-12-05,23.95,24.98,23.86,24.77,6208655
889,2014-12-08,24.68,25.0,24.24,24.67,3124033
890,2014-12-09,24.24,24.98,24.02,24.96,1974579
891,2014-12-10,24.89,25.29,24.585,24.63,2601655
892,2014-12-11,24.77,24.98,24.5,24.57,1259972
893,2014-12-12,24.81,25.38,24.51,24.76,4368880
894,2014-12-15,25.0,25.18,24.1,24.21,3076679
895,2014-12-16,24.09,24.75,23.7401,23.96,2589233
896,2014-12-17,24.11,24.34,23.66,24.21,1823907
897,2014-12-18,24.68,24.79,24.26,24.49,2174762
898,2014-12-19,24.73,25.42,24.31,25.3,1661086
899,2014-12-22,25.36,25.87,25.23,25.64,1827255
900,2014-12-23,25.8,25.9,25.46,25.47,887178
901,2014-12-24,25.41,25.72,25.35,25.48,207222
902,2014-12-26,25.51,25.9,25.49,25.845,793177
903,2014-12-29,25.81,25.84,25.51,25.52,559469
904,2014-12-30,25.46,25.69,25.37,25.54,473429
905,2014-12-31,25.56,25.71,25.21,25.23,674390
906,2015-01-02,25.43,25.7,24.93,25.48,1051593
907,2015-01-05,25.44,25.49,24.59,24.62,1327851
908,2015-01-06,24.56,24.89,23.99,24.3,3735590
909,2015-01-07,24.49,24.58,24.15,24.3,2630363
910,2015-01-08,24.4,26.762,24.4,26.52,4049958
911,2015-01-09,26.55,26.97,26.05,26.58,2821051
912,2015-01-12,26.5,26.59,25.69,26.06,1370821
913,2015-01-13,26.48,26.78,25.5,25.69,2613535
914,2015-01-14,25.5,26.43,25.33,25.69,2912160
915,2015-01-15,25.67,26.03,25.25,25.28,1614343
916,2015-01-16,25.54,26.5,25.34,26.36,1987266
917,2015-01-20,26.5,26.5,26.07,26.37,1789355
918,2015-01-21,26.35,27.28,26.21,26.89,1400054
919,2015-01-22,26.7,26.7,25.82,25.99,3269051
920,2015-01-23,26.3,26.4,25.75,25.98,3046755
921,2015-01-26,25.98,26.41,25.81,26.16,2477820
922,2015-01-27,25.58,26.45,25.5,26.34,3816552
923,2015-01-28,30.18,33.54,29.94,31.17,17145807
924,2015-01-29,31.23,32.79,31.15,32.58,5990069
925,2015-01-30,32.22,32.8,31.8535,32.11,3139137
926,2015-02-02,32.06,32.14,31.142,31.995,3441744
927,2015-02-03,31.99,32.4,31.35,32.21,2789013
928,2015-02-04,31.95,32.95,31.84,32.72,2462755
929,2015-02-05,32.8,33.72,32.53,33.51,2503673
930,2015-02-06,33.51,34.15,33.071,33.25,2070059
931,2015-02-09,33.02,33.3,32.71,32.8,1212445
932,2015-02-10,33.0,33.99,32.83,33.94,1930690
933,2015-02-11,33.74,34.71,33.64,34.43,2662622
934,2015-02-12,34.64,34.89,34.2,34.7,1673096
935,2015-02-13,37.37,38.94,36.85,37.53,8387475
936,2015-02-17,36.91,37.38,36.1,36.3,2534313
937,2015-02-18,35.95,36.53,35.5663,35.95,2103989
938,2015-02-19,35.95,36.42,35.64,35.7,1779203
939,2015-02-20,35.52,36.35,35.4248,36.335,1452456
940,2015-02-23,36.16,36.31,35.81,35.99,1204623
941,2015-02-24,36.01,36.48,35.85,36.29,1256170
942,2015-02-25,36.25,36.64,36.014,36.29,1305716
943,2015-02-26,36.2,36.49,35.88,35.98,1179904
944,2015-02-27,36.03,36.37,35.8747,36.125,1012315
945,2015-03-02,39.03,40.55,39.02,40.36,22170737
946,2015-03-03,40.52,40.63,40.1,40.47,8022155
947,2015-03-04,40.4,40.57,40.01,40.38,5809979
948,2015-03-05,40.54,40.83,40.0,40.08,2746865
949,2015-03-06,40.02,40.21,39.7,40.02,3263386
950,2015-03-09,40.06,40.34,39.925,40.2,3330131
951,2015-03-10,39.94,40.16,39.6,39.8,3392925
952,2015-03-11,39.68,40.25,39.68,40.16,1829721
953,2015-03-12,40.03,40.245,39.7,40.19,1807126
954,2015-03-13,40.58,42.75,40.58,42.56,5978517
955,2015-03-16,42.69,42.8,42.065,42.4,1761626
956,2015-03-17,42.05,42.3,41.86,41.9,2015086
957,2015-03-18,41.85,42.88,41.72,42.55,2115792
958,2015-03-19,42.55,42.9,42.35,42.59,1168845
959,2015-03-20,43.11,43.68,42.76,43.41,4028999
960,2015-03-23,43.57,43.5822,42.4,42.43,770850
961,2015-03-24,42.44,42.53,41.94,42.08,1504073
962,2015-03-25,42.16,42.21,40.24,40.61,2432902
963,2015-03-26,39.53,40.2,38.36,39.64,3264043
964,2015-03-27,40.0,40.91,39.68,40.8,2308187
965,2015-03-30,41.12,41.97,41.04,41.47,1075371
966,2015-03-31,41.25,41.46,40.65,40.75,1427105
967,2015-04-01,40.65,40.8,39.9,40.38,2656600
968,2015-04-02,40.59,40.78,40.09,40.25,1365302
969,2015-04-06,39.85,40.54,39.52,40.5,1831495
970,2015-04-07,40.54,41.1,40.43,40.59,1590460
971,2015-04-08,40.57,41.49,40.57,41.12,1132535
972,2015-04-09,40.87,41.3,40.85,41.19,929499
973,2015-04-10,41.19,41.48,40.8,41.01,972631
974,2015-04-13,40.83,41.15,40.33,40.625,732140
975,2015-04-14,40.44,40.87,39.86,39.98,1487315
976,2015-04-15,40.4,40.865,40.36,40.78,1191079
977,2015-04-16,40.53,41.4,40.53,41.125,691259
978,2015-04-17,40.78,40.83,40.28,40.41,965466
979,2015-04-20,40.6,41.26,40.6,40.85,1097741
980,2015-04-21,41.02,41.23,40.78,41.04,1243710
981,2015-04-22,41.19,41.7,40.77,41.51,1053426
982,2015-04-23,40.42,40.79,39.9103,40.0,2011299
983,2015-04-24,40.1,40.1,38.39,38.87,2021623
984,2015-04-27,39.22,39.83,39.18,39.38,1677782
985,2015-04-28,39.42,39.59,38.31,39.15,2007025
986,2015-04-29,39.08,39.22,38.61,38.89,1604545
987,2015-04-30,39.21,40.47,38.99,39.11,2118651
988,2015-05-01,39.06,41.26,39.05,40.9,1344464
989,2015-05-04,40.85,41.1,40.23,40.62,726924
990,2015-05-05,39.96,40.41,39.5,39.52,2353798
991,2015-05-06,39.68,39.99,39.22,39.9,941730
992,2015-05-07,39.95,40.76,39.95,40.75,1670933
993,2015-05-08,40.94,42.23,40.89,41.9,1471528
994,2015-05-11,41.8,42.21,41.61,41.78,986159
995,2015-05-12,41.83,42.0,41.15,41.26,1004302
996,2015-05-13,41.37,41.77,41.08,41.17,793325
997,2015-05-14,41.67,41.67,41.16,41.43,1527761
998,2015-05-15,41.59,41.71,41.18,41.58,2058742
999,2015-05-18,41.42,41.8,41.42,41.7,1422041
1000,2015-05-19,41.8,42.6,41.33,41.6,1331119
1001,2015-05-20,41.6,42.07,41.27,41.66,1053799
1002,2015-05-21,41.68,43.03,41.19,43.03,1623712
1003,2015-05-22,43.04,43.5399,42.87,43.14,786182
1004,2015-05-26,42.88,43.46,42.72,43.3,1433675
1005,2015-05-27,43.25,44.62,43.12,44.5,1388960
1006,2015-05-28,44.66,45.22,44.11,44.49,1716467
1007,2015-05-29,44.48,45.18,44.27,45.1,4691548
1008,2015-06-01,45.32,45.665,44.81,44.97,923513
1009,2015-06-02,44.78,44.91,44.01,44.4,1287887
1010,2015-06-03,44.63,44.875,43.55,43.56,1188902
1011,2015-06-04,43.4,43.77,42.8,43.06,912526
1012,2015-06-05,43.02,43.37,42.8,43.13,651775
1013,2015-06-08,43.37,43.37,41.93,42.02,616189
1014,2015-06-09,42.07,42.16,41.18,42.02,761921
1015,2015-06-10,42.62,42.86,42.33,42.54,554637
1016,2015-06-11,42.6,42.84,42.07,42.29,509366
1017,2015-06-12,42.16,42.28,41.92,42.05,969125
1018,2015-06-15,41.73,41.82,41.25,41.69,1001890
1019,2015-06-16,41.53,41.96,41.405,41.81,891052
1020,2015-06-17,41.92,42.07,41.43,41.45,1216565
1021,2015-06-18,41.45,42.9785,41.45,42.44,1501262
1022,2015-06-19,42.41,42.81,41.705,42.24,3811743
1023,2015-06-22,42.6,42.92,42.07,42.27,652246
1024,2015-06-23,42.36,42.66,41.605,41.84,844722
1025,2015-06-24,41.84,42.14,41.6,41.71,724320
1026,2015-06-25,41.75,42.0,41.44,41.58,678466
1027,2015-06-26,41.4,41.64,40.676,40.74,1458425
1028,2015-06-29,40.16,40.61,39.51,39.59,1126032
1029,2015-06-30,40.0,40.25,39.08,39.95,1772220
1030,2015-07-01,40.58,40.88,39.64,39.71,964863
1031,2015-07-02,39.73,40.12,39.65,40.07,1351313
1032,2015-07-06,39.63,40.41,39.29,39.41,2586683
1033,2015-07-07,39.38,39.87,37.66,39.62,2025060
1034,2015-07-08,39.15,39.31,37.79,38.04,1505089
1035,2015-07-09,38.5,38.99,37.25,37.37,1572354
1036,2015-07-10,37.84,38.5,37.74,37.8,4416282
1037,2015-07-13,38.28,38.46,37.545,37.68,1958228
1038,2015-07-14,37.9,38.96,37.86,38.83,2012902
1039,2015-07-15,38.82,38.9,38.14,38.185,2056581
1040,2015-07-16,38.24,38.35,37.49,37.91,1895807
1041,2015-07-17,38.07,38.13,37.19,37.79,1640410
1042,2015-07-20,37.6,37.85,37.1401,37.18,1656147
1043,2015-07-21,37.08,37.92,37.08,37.87,2477383
1044,2015-07-22,36.29,37.32,35.68,37.25,1810747
1045,2015-07-23,37.63,38.73,37.63,38.26,1597582
1046,2015-07-24,38.28,38.79,37.17,37.28,1203083
1047,2015-07-27,37.04,37.04,36.08,36.61,1140777
1048,2015-07-28,36.68,37.93,36.26,37.59,1188688
1049,2015-07-29,37.71,38.45,37.3,37.88,1154576
1050,2015-07-30,39.12,40.325,38.84,40.04,1303860
1051,2015-07-31,39.94,40.85,39.68,39.87,1202590
1052,2015-08-03,39.84,40.19,39.49,40.05,720954
1053,2015-08-04,39.43,39.93,38.64,39.12,1639717
1054,2015-08-05,39.07,39.96,39.02,39.71,1656298
1055,2015-08-06,39.85,39.87,38.35,39.27,1833412
1056,2015-08-07,39.03,39.56,38.68,39.46,1767561
1057,2015-08-10,39.56,40.6,39.35,40.56,1238902
1058,2015-08-11,39.98,40.1,39.18,39.48,1963528
1059,2015-08-12,38.53,38.99,37.31,38.62,2683724
1060,2015-08-13,38.61,38.83,37.99,38.57,2859445
1061,2015-08-14,38.59,38.59,37.85,37.91,1512671
1062,2015-08-17,37.66,38.03,37.36,37.97,1839991
1063,2015-08-18,37.97,38.14,36.7,36.8,2433244
1064,2015-08-19,36.79,37.32,36.29,36.46,2079485
1065,2015-08-20,36.21,36.21,34.63,34.74,2143461
1066,2015-08-21,33.74,34.99,33.73,34.11,3927104
1067,2015-08-24,31.93,35.22,31.21,33.63,3726533
1068,2015-08-25,34.93,35.6,34.24,34.32,2591701
1069,2015-08-26,34.88,35.82,34.21,35.73,2333339
1070,2015-08-27,36.55,36.84,35.72,36.32,1570694
1071,2015-08-28,36.06,36.6,36.06,36.4,1498789
1072,2015-08-31,36.42,36.48,35.52,35.73,1537567
1073,2015-09-01,34.93,35.71,34.56,34.75,1354689
1074,2015-09-02,35.16,35.81,34.7,35.79,1153830
1075,2015-09-03,35.86,36.51,35.81,36.12,1367902
1076,2015-09-04,35.75,36.33,35.42,35.57,1530083
1077,2015-09-08,36.4,38.0,36.4,37.82,868848
1078,2015-09-09,38.12,39.25,37.16,37.19,1365627
1079,2015-09-10,37.31,37.66,36.27,36.5,1914793
1080,2015-09-11,36.28,37.13,35.91,37.03,1011047
1081,2015-09-14,37.3,37.735,37.05,37.72,700331
1082,2015-09-15,37.94,38.53,37.75,37.77,642621
1083,2015-09-16,37.82,37.94,37.3,37.87,670516
1084,2015-09-17,37.7,38.66,37.66,37.95,1521634
1085,2015-09-18,37.26,38.02,37.03,37.54,1692280
1086,2015-09-21,37.76,38.15,37.31,37.69,998402
1087,2015-09-22,37.13,37.21,36.15,36.33,1078533
1088,2015-09-23,36.25,36.49,35.87,36.05,773391
1089,2015-09-24,35.51,36.29,34.37,35.99,1398314
1090,2015-09-25,36.45,37.05,36.07,36.43,927318
1091,2015-09-28,36.17,36.36,34.91,34.92,616418
1092,2015-09-29,35.47,35.49,34.382,34.925,554593
1093,2015-09-30,35.46,36.645,35.22,36.56,909477
1094,2015-10-01,36.13,36.24,34.89,35.8901,753681
1095,2015-10-02,35.34,36.095,35.13,36.08,871913
1096,2015-10-05,36.28,36.75,35.87,35.94,1055376
1097,2015-10-06,35.92,36.16,34.77,35.72,711262
1098,2015-10-07,36.01,36.285,35.08,35.83,783614
1099,2015-10-08,35.76,36.43,35.21,36.34,1242230
1100,2015-10-09,36.28,36.93,36.09,36.67,594349
1101,2015-10-12,36.94,37.56,36.57,37.28,345581
1102,2015-10-13,36.95,37.035,36.51,36.61,389509
1103,2015-10-14,36.49,38.43,36.47,38.11,775547
1104,2015-10-15,38.5,39.42,38.26,39.16,1479877
1105,2015-10-16,39.26,39.26,38.59,38.85,392868
1106,2015-10-19,38.85,39.17,38.51,38.94,603582
1107,2015-10-20,38.79,38.85,38.28,38.44,518289
1108,2015-10-21,38.74,39.02,38.13,38.21,632977
1109,2015-10-22,38.7,40.56,38.7,40.53,905363
1110,2015-10-23,39.69,40.15,39.06,39.72,2116970
1111,2015-10-26,39.45,39.45,37.97,38.0,1044888
1112,2015-10-27,37.77,38.57,37.45,37.64,1142260
1113,2015-10-28,37.99,38.27,37.53,38.0,966997
1114,2015-10-29,32.47,34.36,31.57,31.68,3867455
1115,2015-10-30,31.79,33.59,31.735,33.47,2211074
1116,2015-11-02,33.61,34.23,32.64,32.9,1487173
1117,2015-11-03,32.68,34.08,32.562,33.59,939541
1118,2015-11-04,33.83,34.05,33.496,33.97,1219786
1119,2015-11-05,34.31,34.56,33.52,33.95,697911
1120,2015-11-06,34.03,34.49,33.88,34.29,1446315
1121,2015-11-09,34.13,34.63,34.0,34.44,1110315
1122,2015-11-10,33.94,34.49,33.75,34.3,787902
1123,2015-11-11,34.3,35.0,34.29,34.62,827004
1124,2015-11-12,34.46,34.59,33.81,33.875,660799
1125,2015-11-13,33.73,34.05,33.28,33.36,671261
1126,2015-11-16,33.33,33.79,33.16,33.63,1336650
1127,2015-11-17,33.76,33.88,33.435,33.61,572208
1128,2015-11-18,33.61,34.89,33.55,34.82,1075141
1129,2015-11-19,34.89,34.89,34.24,34.4,795147
1130,2015-11-20,34.47,34.59,33.885,33.98,974470
1131,2015-11-23,33.85,34.36,33.56,33.64,502272
1132,2015-11-24,33.99,35.9,33.96,35.53,2026151
1133,2015-11-25,35.17,36.28,35.17,35.87,752877
1134,2015-11-27,36.05,37.47,36.05,37.35,831147
1135,2015-11-30,37.36,39.01,37.36,38.97,3434344
1136,2015-12-01,38.66,39.36,38.62,39.32,1241654
1137,2015-12-02,39.23,39.4,38.46,38.62,589149
1138,2015-12-03,39.05,39.26,37.74,37.89,966295
1139,2015-12-04,38.14,38.31,37.39,38.04,1268574
1140,2015-12-07,37.69,38.23,36.53,36.59,16677048
,2015-12-08,,,,,
,2015-12-09,,,,,
,2015-12-10,,,,,
,2015-12-11,,,,,
,2015-12-14,,,,,
,2015-12-15,,,,,
,2015-12-16,,,,,
,2015-12-17,,,,,
,2015-12-18,,,,,
,2015-12-21,,,,,
,2015-12-22,,,,,
,2015-12-23,,,,,
,2015-12-24,,,,,
,2015-12-28,,,,,
,2015-12-29,,,,,
,2015-12-30,,,,,
,2015-12-31,,,,,
,2016-01-04,,,,,
,2016-01-05,,,,,
,2016-01-06,,,,,
,2016-01-07,,,,,
,2016-01-08,,,,,
,2016-01-11,,,,,
,2016-01-12,,,,,
,2016-01-13,,,,,
,2016-01-14,,,,,
,2016-01-15,,,,,
,2016-01-19,,,,,
,2016-01-20,,,,,
,2016-01-21,,,,,
,2016-01-22,,,,,
,2016-01-25,,,,,
,2016-01-26,,,,,
,2016-01-27,,,,,
,2016-01-28,,,,,
,2016-01-29,,,,,
,2016-02-01,,,,,
,2016-02-02,,,,,
,2016-02-03,,,,,
,2016-02-04,,,,,
,2016-02-05,,,,,
,2016-02-08,,,,,
,2016-02-09,,,,,
,2016-02-10,,,,,
,2016-02-11,,,,,
,2016-02-12,,,,,
,2016-02-16,,,,,
,2016-02-17,,,,,
,2016-02-18,,,,,
,2016-02-19,,,,,
,2016-02-22,,,,,
,2016-02-23,,,,,
,2016-02-24,,,,,
,2016-02-25,,,,,
,2016-02-26,,,,,
,2016-02-29,,,,,
,2016-03-01,,,,,
,2016-03-02,,,,,
,2016-03-03,,,,,
,2016-03-04,,,,,
,2016-03-07,,,,,
,2016-03-08,,,,,
,2016-03-09,,,,,
,2016-03-10,,,,,
,2016-03-11,,,,,
,2016-03-14,,,,,
,2016-03-15,,,,,
,2016-03-16,,,,,
,2016-03-17,,,,,
,2016-03-18,,,,,
,2016-03-21,,,,,
,2016-03-22,,,,,
,2016-03-23,,,,,
,2016-03-24,,,,,
,2016-03-28,,,,,
,2016-03-29,,,,,
,2016-03-30,,,,,
,2016-03-31,,,,,
,2016-04-01,,,,,
,2016-04-04,,,,,
,2016-04-05,,,,,
,2016-04-06,,,,,
,2016-04-07,,,,,
,2016-04-08,,,,,
,2016-04-11,,,,,
,2016-04-12,,,,,
,2016-04-13,,,,,
,2016-04-14,,,,,
,2016-04-15,,,,,
,2016-04-18,,,,,
,2016-04-19,,,,,
,2016-04-20,,,,,
,2016-04-21,,,,,
,2016-04-22,,,,,
,2016-04-25,,,,,
,2016-04-26,,,,,
,2016-04-27,,,,,
,2016-04-28,,,,,
,2016-04-29,,,,,
,2016-05-02,,,,,
,2016-05-03,,,,,
,2016-05-04,,,,,
,2016-05-05,,,,,
,2016-05-06,,,,,
,2016-05-09,,,,,
,2016-05-10,,,,,
,2016-05-11,,,,,
,2016-05-12,,,,,
,2016-05-13,,,,,
,2016-05-16,,,,,
,2016-05-17,,,,,
,2016-05-18,,,,,
,2016-05-19,,,,,
,2016-05-20,,,,,
,2016-05-23,,,,,
,2016-05-24,,,,,
,2016-05-25,,,,,
,2016-05-26,,,,,
,2016-05-27,,,,,
,2016-05-31,,,,,
,2016-06-01,,,,,
,2016-06-02,,,,,
,2016-06-03,,,,,
,2016-06-06,,,,,
,2016-06-07,,,,,
,2016-06-08,,,,,
,2016-06-09,,,,,
,2016-06-10,,,,,
,2016-06-13,,,,,
,2016-06-14,,,,,
,2016-06-15,,,,,
,2016-06-16,,,,,
,2016-06-17,,,,,
,2016-06-20,,,,,
,2016-06-21,,,,,
,2016-06-22,,,,,
,2016-06-23,,,,,
,2016-06-24,,,,,
,2016-06-27,,,,,
,2016-06-28,,,,,
,2016-06-29,,,,,
,2016-06-30,,,,,
,2016-07-01,,,,,
,2016-07-05,,,,,
,2016-07-06,,,,,
,2016-07-07,,,,,
,2016-07-08,,,,,
,2016-07-11,,,,,
,2016-07-12,,,,,
,2016-07-13,,,,,
,2016-07-14,,,,,
,2016-07-15,,,,,
,2016-07-18,,,,,
,2016-07-19,,,,,
,2016-07-20,,,,,
,2016-07-21,,,,,
,2016-07-22,,,,,
,2016-07-25,,,,,
,2016-07-26,,,,,
,2016-07-27,,,,,
,2016-07-28,,,,,
,2016-07-29,,,,,
,2016-08-01,,,,,
,2016-08-02,,,,,
,2016-08-03,,,,,
,2016-08-04,,,,,
,2016-08-05,,,,,
,2016-08-08,,,,,
,2016-08-09,,,,,
,2016-08-10,,,,,
,2016-08-11,,,,,
,2016-08-12,,,,,
,2016-08-15,,,,,
,2016-08-16,,,,,
,2016-08-17,,,,,
,2016-08-18,,,,,
,2016-08-19,,,,,
,2016-08-22,,,,,
,2016-08-23,,,,,
,2016-08-24,,,,,
,2016-08-25,,,,,
,2016-08-26,,,,,
,2016-08-29,,,,,
,2016-08-30,,,,,
,2016-08-31,,,,,
,2016-09-01,,,,,
,2016-09-02,,,,,
,2016-09-06,,,,,
,2016-09-07,,,,,
,2016-09-08,,,,,
,2016-09-09,,,,,
,2016-09-12,,,,,
,2016-09-13,,,,,
,2016-09-14,,,,,
,2016-09-15,,,,,
,2016-09-16,,,,,
,2016-09-19,,,,,
,2016-09-20,,,,,
,2016-09-21,,,,,
,2016-09-22,,,,,
,2016-09-23,,,,,
,2016-09-26,,,,,
,2016-09-27,,,,,
,2016-09-28,,,,,
,2016-09-29,,,,,
,2016-09-30,,,,,
,2016-10-03,,,,,
,2016-10-04,,,,,
,2016-10-05,,,,,
,2016-10-06,,,,,
,2016-10-07,,,,,
,2016-10-10,,,,,
,2016-10-11,,,,,
,2016-10-12,,,,,
,2016-10-13,,,,,
,2016-10-14,,,,,
,2016-10-17,,,,,
,2016-10-18,,,,,
,2016-10-19,,,,,
,2016-10-20,,,,,
,2016-10-21,,,,,
,2016-10-24,,,,,
,2016-10-25,,,,,
,2016-10-26,,,,,
,2016-10-27,,,,,
,2016-10-28,,,,,
,2016-10-31,,,,,
,2016-11-01,,,,,
,2016-11-02,,,,,
,2016-11-03,,,,,
,2016-11-04,,,,,
,2016-11-07,,,,,
,2016-11-08,,,,,
,2016-11-09,,,,,
,2016-11-10,,,,,
,2016-11-11,,,,,
,2016-11-14,,,,,
,2016-11-15,,,,,
,2016-11-16,,,,,
,2016-11-17,,,,,
,2016-11-18,,,,,
,2016-11-21,,,,,
,2016-11-22,,,,,
,2016-11-23,,,,,
,2016-11-25,,,,,
,2016-11-28,,,,,
,2016-11-29,,,,,
,2016-11-30,,,,,
,2016-12-01,,,,,
,2016-12-02,,,,,
,2016-12-05,,,,,
,2016-12-06,,,,,
,2016-12-07,,,,,
,2016-12-08,,,,,
,2016-12-09,,,,,
,2016-12-12,,,,,
,2016-12-13,,,,,
,2016-12-14,,,,,
,2016-12-15,,,,,
,2016-12-16,,,,,
,2016-12-19,,,,,
,2016-12-20,,,,,
,2016-12-21,,,,,
,2016-12-22,,,,,
,2016-12-23,,,,,
,2016-12-27,,,,,
,2016-12-28,,,,,
,2016-12-29,,,,,
,2016-12-30,,,,,
,2017-01-03,,,,,
,2017-01-04,,,,,
,2017-01-05,,,,,
,2017-01-06,,,,,
,2017-01-09,,,,,
,2017-01-10,,,,,
,2017-01-11,,,,,
,2017-01-12,,,,,
,2017-01-13,,,,,
,2017-01-17,,,,,
,2017-01-18,,,,,
,2017-01-19,,,,,
,2017-01-20,,,,,
,2017-01-23,,,,,
,2017-01-24,,,,,
,2017-01-25,,,,,
,2017-01-26,,,,,
,2017-01-27,,,,,
,2017-01-30,,,,,
,2017-01-31,,,,,
,2017-02-01,,,,,
,2017-02-02,,,,,
,2017-02-03,,,,,
,2017-02-06,,,,,
,2017-02-07,,,,,
,2017-02-08,,,,,
,2017-02-09,,,,,
,2017-02-10,,,,,
,2017-02-13,,,,,
,2017-02-14,,,,,
,2017-02-15,,,,,
,2017-02-16,,,,,
,2017-02-17,,,,,
,2017-02-21,,,,,
,2017-02-22,,,,,
,2017-02-23,,,,,
,2017-02-24,,,,,
,2017-02-27,,,,,
,2017-02-28,,,,,
,2017-03-01,,,,,
,2017-03-02,,,,,
,2017-03-03,,,,,
,2017-03-06,,,,,
,2017-03-07,,,,,
,2017-03-08,,,,,
,2017-03-09,,,,,
,2017-03-10,,,,,
,2017-03-13,,,,,
,2017-03-14,,,,,
,2017-03-15,,,,,
,2017-03-16,,,,,
,2017-03-17,,,,,
,2017-03-20,,,,,
,2017-03-21,,,,,
,2017-03-22,,,,,
,2017-03-23,,,,,
,2017-03-24,,,,,
,2017-03-27,,,,,
,2017-03-28,,,,,
,2017-03-29,,,,,
,2017-03-30,,,,,
,2017-03-31,,,,,
,2017-04-03,,,,,
,2017-04-04,,,,,
,2017-04-05,,,,,
,2017-04-06,,,,,
,2017-04-07,,,,,
,2017-04-10,,,,,
,2017-04-11,,,,,
,2017-04-12,,,,,
,2017-04-13,,,,,
,2017-04-17,,,,,
,2017-04-18,,,,,
,2017-04-19,,,,,
,2017-04-20,,,,,
,2017-04-21,,,,,
,2017-04-24,,,,,
,2017-04-25,,,,,
,2017-04-26,,,,,
,2017-04-27,,,,,
,2017-04-28,,,,,
,2017-05-01,,,,,
,2017-05-02,,,,,
,2017-05-03,,,,,
,2017-05-04,,,,,
,2017-05-05,,,,,
,2017-05-08,,,,,
,2017-05-09,,,,,
,2017-05-10,,,,,
,2017-05-11,,,,,
,2017-05-12,,,,,
,2017-05-15,,,,,
,2017-05-16,,,,,
,2017-05-17,,,,,
,2017-05-18,,,,,
,2017-05-19,,,,,
,2017-05-22,,,,,
,2017-05-23,,,,,
,2017-05-24,,,,,
,2017-05-25,,,,,
,2017-05-26,,,,,
,2017-05-30,,,,,
,2017-05-31,,,,,
,2017-06-01,,,,,
,2017-06-02,,,,,
,2017-06-05,,,,,
,2017-06-06,,,,,
,2017-06-07,,,,,
,2017-06-08,,,,,
,2017-06-09,,,,,
,2017-06-12,,,,,
,2017-06-13,,,,,
,2017-06-14,,,,,
,2017-06-15,,,,,
,2017-06-16,,,,,
,2017-06-19,,,,,
,2017-06-20,,,,,
,2017-06-21,,,,,
,2017-06-22,,,,,
,2017-06-23,,,,,
,2017-06-26,,,,,
,2017-06-27,,,,,
,2017-06-28,,,,,
,2017-06-29,,,,,
,2017-06-30,,,,,
,2017-07-03,,,,,
,2017-07-05,,,,,
,2017-07-06,,,,,
,2017-07-07,,,,,
,2017-07-10,,,,,
,2017-07-11,,,,,
,2017-07-12,,,,,
,2017-07-13,,,,,
,2017-07-14,,,,,
,2017-07-17,,,,,
,2017-07-18,,,,,
,2017-07-19,,,,,
,2017-07-20,,,,,
,2017-07-21,,,,,
,2017-07-24,,,,,
,2017-07-25,,,,,
,2017-07-26,,,,,
,2017-07-27,,,,,
,2017-07-28,,,,,
,2017-07-31,,,,,
,2017-08-01,,,,,
,2017-08-02,,,,,
,2017-08-03,,,,,
,2017-08-04,,,,,
,2017-08-07,,,,,
,2017-08-08,,,,,
,2017-08-09,,,,,
,2017-08-10,,,,,
,2017-08-11,,,,,
,2017-08-14,,,,,
,2017-08-15,,,,,
,2017-08-16,,,,,
,2017-08-17,,,,,
,2017-08-18,,,,,
,2017-08-21,,,,,
,2017-08-22,,,,,
,2017-08-23,,,,,
,2017-08-24,,,,,
,2017-08-25,,,,,
,2017-08-28,,,,,
,2017-08-29,,,,,
,2017-08-30,,,,,
,2017-08-31,,,,,
,2017-09-01,,,,,
,2017-09-05,,,,,
,2017-09-06,,,,,
,2017-09-07,,,,,
,2017-09-08,,,,,
,2017-09-11,,,,,
,2017-09-12,,,,,
,2017-09-13,,,,,
,2017-09-14,,,,,
,2017-09-15,,,,,
,2017-09-18,,,,,
,2017-09-19,,,,,
,2017-09-20,,,,,
,2017-09-21,,,,,
,2017-09-22,,,,,
,2017-09-25,,,,,
,2017-09-26,,,,,
,2017-09-27,,,,,
,2017-09-28,,,,,
,2017-09-29,,,,,
,2017-10-02,,,,,
,2017-10-03,,,,,
,2017-10-04,,,,,
,2017-10-05,,,,,
,2017-10-06,,,,,
,2017-10-09,,,,,
,2017-10-10,,,,,
,2017-10-11,,,,,
,2017-10-12,,,,,
,2017-10-13,,,,,
,2017-10-16,,,,,
,2017-10-17,,,,,
,2017-10-18,,,,,
,2017-10-19,,,,,
,2017-10-20,,,,,
,2017-10-23,,,,,
,2017-10-24,,,,,
,2017-10-25,,,,,
,2017-10-26,,,,,
,2017-10-27,,,,,
,2017-10-30,,,,,
,2017-10-31,,,,,
,2017-11-01,,,,,
,2017-11-02,,,,,
,2017-11-03,,,,,
,2017-11-06,,,,,
,2017-11-07,,,,,
,2017-11-08,,,,,
,2017-11-09,,,,,
,2017-11-10,,,,,
,2017-11-13,,,,,
,2017-11-14,,,,,
,2017-11-15,,,,,
,2017-11-16,,,,,
,2017-11-17,,,,,
,2017-11-20,,,,,
,2017-11-21,,,,,
,2017-11-22,,,,,
,2017-11-24,,,,,
,2017-11-27,,,,,
,2017-11-28,,,,,
,2017-11-29,,,,,
,2017-11-30,,,,,
,2017-12-01,,,,,
,2017-12-04,,,,,
,2017-12-05,,,,,
,2017-12-06,,,,,
,2017-12-07,,,,,
,2017-12-08,,,,,
,2017-12-11,,,,,
,2017-12-12,,,,,
,2017-12-13,,,,,
,2017-12-14,,,,,
,2017-12-15,,,,,
,2017-12-18,,,,,
,2017-12-19,,,,,
,2017-12-20,,,,,
,2017-12-21,,,,,
,2017-12-22,,,,,
,2017-12-26,,,,,
,2017-12-27,,,,,
,2017-12-28,,,,,
,2017-12-29,,,,,
,2018-01-02,,,,,
,2018-01-03,,,,,
,2018-01-04,,,,,
,2018-01-05,,,,,
,2018-01-08,,,,,
,2018-01-09,,,,,
,2018-01-10,,,,,
,2018-01-11,,,,,
,2018-01-12,,,,,
,2018-01-16,,,,,
,2018-01-17,,,,,
,2018-01-18,,,,,
,2018-01-19,,,,,
,2018-01-22,,,,,
,2018-01-23,,,,,
,2018-01-24,,,,,
,2018-01-25,,,,,
,2018-01-26,,,,,
,2018-01-29,,,,,
,2018-01-30,,,,,
,2018-01-31,,,,,
,2018-02-01,,,,,
,2018-02-02,,,,,
,2018-02-05,,,,,
,2018-02-06,,,,,
,2018-02-07,,,,,
,2018-02-08,,,,,
,2018-02-09,,,,,
,2018-02-12,,,,,
,2018-02-13,,,,,
,2018-02-14,,,,,
,2018-02-15,,,,,
,2018-02-16,,,,,
,2018-02-20,,,,,
,2018-02-21,,,,,
,2018-02-22,,,,,
,2018-02-23,,,,,
,2018-02-26,,,,,
,2018-02-27,,,,,
,2018-02-28,,,,,
,2018-03-01,,,,,
,2018-03-02,,,,,
,2018-03-05,,,,,
,2018-03-06,,,,,
,2018-03-07,,,,,
,2018-03-08,,,,,
,2018-03-09,,,,,
,2018-03-12,,,,,
,2018-03-13,,,,,
,2018-03-14,,,,,
,2018-03-15,,,,,
,2018-03-16,,,,,
,2018-03-19,,,,,
,2018-03-20,,,,,
,2018-03-21,,,,,
,2018-03-22,,,,,
,2018-03-23,,,,,
,2018-03-26,,,,,
,2018-03-27,,,,,
,2018-03-28,,,,,
,2018-03-29,,,,,
,2018-04-02,,,,,
,2018-04-03,,,,,
,2018-04-04,,,,,
,2018-04-05,,,,,
,2018-04-06,,,,,
,2018-04-09,,,,,
,2018-04-10,,,,,
,2018-04-11,,,,,
,2018-04-12,,,,,
,2018-04-13,,,,,
,2018-04-16,,,,,
,2018-04-17,,,,,
,2018-04-18,,,,,
,2018-04-19,,,,,
,2018-04-20,,,,,
,2018-04-23,,,,,
,2018-04-24,,,,,
,2018-04-25,,,,,
,2018-04-26,,,,,
,2018-04-27,,,,,
,2018-04-30,,,,,
,2018-05-01,,,,,
,2018-05-02,,,,,
,2018-05-03,,,,,
,2018-05-04,,,,,
,2018-05-07,,,,,
,2018-05-08,,,,,
,2018-05-09,,,,,
,2018-05-10,,,,,
,2018-05-11,,,,,
,2018-05-14,,,,,
,2018-05-15,,,,,
,2018-05-16,,,,,
,2018-05-17,,,,,
,2018-05-18,,,,,
,2018-05-21,,,,,
,2018-05-22,,,,,
,2018-05-23,,,,,
,2018-05-24,,,,,
,2018-05-25,,,,,
,2018-05-29,,,,,
,2018-05-30,,,,,
,2018-05-31,,,,,
,2018-06-01,,,,,
,2018-06-04,,,,,
,2018-06-05,,,,,
,2018-06-06,,,,,
,2018-06-07,,,,,
,2018-06-08,,,,,
,2018-06-11,,,,,
,2018-06-12,,,,,
,2018-06-13,,,,,
,2018-06-14,,,,,
,2018-06-15,,,,,
,2018-06-18,,,,,
,2018-06-19,,,,,
,2018-06-20,,,,,
,2018-06-21,,,,,
,2018-06-22,,,,,
,2018-06-25,,,,,
,2018-06-26,,,,,
,2018-06-27,,,,,
,2018-06-28,,,,,
,2018-06-29,,,,,
,2018-07-02,,,,,
,2018-07-03,,,,,
,2018-07-05,,,,,
,2018-07-06,,,,,
,2018-07-09,,,,,
,2018-07-10,,,,,
,2018-07-11,,,,,
,2018-07-12,,,,,
,2018-07-13,,,,,
,2018-07-16,,,,,
,2018-07-17,,,,,
,2018-07-18,,,,,
,2018-07-19,,,,,
,2018-07-20,,,,,
,2018-07-23,,,,,
,2018-07-24,,,,,
,2018-07-25,,,,,
,2018-07-26,,,,,
,2018-07-27,,,,,
,2018-07-30,,,,,
,2018-07-31,,,,,
,2018-08-01,,,,,
,2018-08-02,,,,,
,2018-08-03,,,,,
,2018-08-06,,,,,
,2018-08-07,,,,,
,2018-08-08,,,,,
,2018-08-09,,,,,
,2018-08-10,,,,,
,2018-08-13,,,,,
,2018-08-14,,,,,
,2018-08-15,,,,,
,2018-08-16,,,,,
,2018-08-17,,,,,
,2018-08-20,,,,,
,2018-08-21,,,,,
,2018-08-22,,,,,
,2018-08-23,,,,,
,2018-08-24,,,,,
,2018-08-27,,,,,
,2018-08-28,,,,,
,2018-08-29,,,,,
,2018-08-30,,,,,
,2018-08-31,,,,,
,2018-09-04,,,,,
,2018-09-05,,,,,
,2018-09-06,,,,,
,2018-09-07,,,,,
,2018-09-10,,,,,
,2018-09-11,,,,,
,2018-09-12,,,,,
,2018-09-13,,,,,
,2018-09-14,,,,,
,2018-09-17,,,,,
,2018-09-18,,,,,
,2018-09-19,,,,,
,2018-09-20,,,,,
,2018-09-21,,,,,
,2018-09-24,,,,,
,2018-09-25,,,,,
,2018-09-26,,,,,
,2018-09-27,,,,,
,2018-09-28,,,,,
,2018-10-01,,,,,
,2018-10-02,,,,,
,2018-10-03,,,,,
,2018-10-04,,,,,
,2018-10-05,,,,,
,2018-10-08,,,,,
,2018-10-09,,,,,
,2018-10-10,,,,,
,2018-10-11,,,,,
,2018-10-12,,,,,
,2018-10-15,,,,,
,2018-10-16,,,,,
,2018-10-17,,,,,
,2018-10-18,,,,,
,2018-10-19,,,,,
,2018-10-22,,,,,
,2018-10-23,,,,,
,2018-10-24,,,,,
,2018-10-25,,,,,
,2018-10-26,,,,,
,2018-10-29,,,,,
,2018-10-30,,,,,
,2018-10-31,,,,,
,2018-11-01,,,,,
,2018-11-02,,,,,
,2018-11-05,,,,,
,2018-11-06,,,,,
,2018-11-07,,,,,
,2018-11-08,,,,,
,2018-11-09,,,,,
,2018-11-12,,,,,
,2018-11-13,,,,,
,2018-11-14,,,,,
,2018-11-15,,,,,
,2018-11-16,,,,,
,2018-11-19,,,,,
,2018-11-20,,,,,
,2018-11-21,,,,,
,2018-11-23,,,,,
,2018-11-26,,,,,
,2018-11-27,,,,,
,2018-11-28,,,,,
,2018-11-29,,,,,
,2018-11-30,,,,,
,2018-12-03,,,,,
,2018-12-04,,,,,
,2018-12-06,,,,,
,2018-12-07,,,,,
,2018-12-10,,,,,
,2018-12-11,,,,,
,2018-12-12,,,,,
,2018-12-13,,,,,
,2018-12-14,,,,,
,2018-12-17,,,,,
,2018-12-18,,,,,
,2018-12-19,,,,,
,2018-12-20,,,,,
,2018-12-21,,,,,
,2018-12-24,,,,,
,2018-12-26,,,,,
,2018-12-27,,,,,
,2018-12-28,,,,,
,2018-12-31,,,,,
,2019-01-02,,,,,
,2019-01-03,,,,,
,2019-01-04,,,,,
,2019-01-07,,,,,
,2019-01-08,,,,,
,2019-01-09,,,,,
,2019-01-10,,,,,
,2019-01-11,,,,,
,2019-01-14,,,,,
,2019-01-15,,,,,
,2019-01-16,,,,,
,2019-01-17,,,,,
,2019-01-18,,,,,
,2019-01-22,,,,,
,2019-01-23,,,,,
,2019-01-24,,,,,
,2019-01-25,,,,,
,2019-01-28,,,,,
,2019-01-29,,,,,
,2019-01-30,,,,,
,2019-01-31,,,,,
,2019-02-01,,,,,
,2019-02-04,,,,,
,2019-02-05,,,,,
,2019-02-06,,,,,
,2019-02-07,,,,,
,2019-02-08,,,,,
,2019-02-11,,,,,
,2019-02-12,,,,,
,2019-02-13,,,,,
,2019-02-14,,,,,
,2019-02-15,,,,,
,2019-02-19,,,,,
,2019-02-20,,,,,
,2019-02-21,,,,,
,2019-02-22,,,,,
,2019-02-25,,,,,
,2019-02-26,,,,,
,2019-02-27,,,,,
,2019-02-28,,,,,
,2019-03-01,,,,,
,2019-03-04,,,,,
,2019-03-05,,,,,
,2019-03-06,,,,,
,2019-03-07,,,,,
,2019-03-08,,,,,
,2019-03-11,,,,,
,2019-03-12,,,,,
,2019-03-13,,,,,
,2019-03-14,,,,,
,2019-03-15,,,,,
,2019-03-18,,,,,
,2019-03-19,,,,,
,2019-03-20,,,,,
,2019-03-21,,,,,
,2019-03-22,,,,,
,2019-03-25,,,,,
,2019-03-26,,,,,
,2019-03-27,,,,,
,2019-03-28,,,,,
,2019-03-29,,,,,
,2019-04-01,,,,,
,2019-04-02,,,,,
,2019-04-03,,,,,
,2019-04-04,,,,,
,2019-04-05,,,,,
,2019-04-08,,,,,
,2019-04-09,,,,,
,2019-04-10,,,,,
,2019-04-11,,,,,
,2019-04-12,,,,,
,2019-04-15,,,,,
,2019-04-16,,,,,
,2019-04-17,,,,,
,2019-04-18,,,,,
,2019-04-22,,,,,
,2019-04-23,,,,,
,2019-04-24,,,,,
,2019-04-25,,,,,
,2019-04-26,,,,,
,2019-04-29,,,,,
,2019-04-30,,,,,
,2019-05-01,,,,,
,2019-05-02,,,,,
,2019-05-03,,,,,
,2019-05-06,,,,,
,2019-05-07,,,,,
,2019-05-08,,,,,
,2019-05-09,,,,,
,2019-05-10,,,,,
,2019-05-13,,,,,
,2019-05-14,,,,,
,2019-05-15,,,,,
,2019-05-16,,,,,
,2019-05-17,,,,,
,2019-05-20,,,,,
,2019-05-21,,,,,
,2019-05-22,,,,,
,2019-05-23,,,,,
,2019-05-24,,,,,
,2019-05-28,,,,,
,2019-05-29,,,,,
,2019-05-30,,,,,
,2019-05-31,,,,,
,2019-06-03,,,,,
,2019-06-04,,,,,
,2019-06-05,,,,,
,2019-06-06,,,,,
,2019-06-07,,,,,
,2019-06-10,,,,,
,2019-06-11,,,,,
,2019-06-12,,,,,
,2019-06-13,,,,,
,2019-06-14,,,,,
,2019-06-17,,,,,
,2019-06-18,,,,,
,2019-06-19,,,,,
,2019-06-20,,,,,
,2019-06-21,,,,,
,2019-06-24,,,,,
,2019-06-25,,,,,
,2019-06-26,,,,,
,2019-06-27,,,,,
,2019-06-28,,,,,
,2019-07-01,,,,,
,2019-07-02,,,,,
,2019-07-03,,,,,
,2019-07-05,,,,,
,2019-07-08,,,,,
,2019-07-09,,,,,
,2019-07-10,,,,,
,2019-07-11,,,,,
,2019-07-12,,,,,
,2019-07-15,,,,,
,2019-07-16,,,,,
,2019-07-17,,,,,
,2019-07-18,,,,,
,2019-07-19,,,,,
,2019-07-22,,,,,
,2019-07-23,,,,,
,2019-07-24,,,,,
,2019-07-25,,,,,
,2019-07-26,,,,,
,2019-07-29,,,,,
,2019-07-30,,,,,
,2019-07-31,,,,,
,2019-08-01,,,,,
,2019-08-02,,,,,
,2019-08-05,,,,,
,2019-08-06,,,,,
,2019-08-07,,,,,
,2019-08-08,,,,,
,2019-08-09,,,,,
,2019-08-12,,,,,
,2019-08-13,,,,,
,2019-08-14,,,,,
,2019-08-15,,,,,
,2019-08-16,,,,,
,2019-08-19,,,,,
,2019-08-20,,,,,
,2019-08-21,,,,,
,2019-08-22,,,,,
,2019-08-23,,,,,
,2019-08-26,,,,,
,2019-08-27,,,,,
,2019-08-28,,,,,
,2019-08-29,,,,,
,2019-08-30,,,,,
,2019-09-03,,,,,
,2019-09-04,,,,,
,2019-09-05,,,,,
,2019-09-06,,,,,
,2019-09-09,,,,,
,2019-09-10,,,,,
,2019-09-11,,,,,
,2019-09-12,,,,,
,2019-09-13,,,,,
,2019-09-16,,,,,
,2019-09-17,,,,,
,2019-09-18,,,,,
,2019-09-19,,,,,
,2019-09-20,,,,,
,2019-09-23,,,,,
,2019-09-24,,,,,
,2019-09-25,,,,,
,2019-09-26,,,,,
,2019-09-27,,,,,
,2019-09-30,,,,,
,2019-10-01,,,,,
,2019-10-02,,,,,
,2019-10-03,,,,,
,2019-10-04,,,,,
,2019-10-07,,,,,
,2019-10-08,,,,,
,2019-10-09,,,,,
,2019-10-10,,,,,
,2019-10-11,,,,,
,2019-10-14,,,,,
,2019-10-15,,,,,
,2019-10-16,,,,,
,2019-10-17,,,,,
,2019-10-18,,,,,
,2019-10-21,,,,,
,2019-10-22,,,,,
,2019-10-23,,,,,
,2019-10-24,,,,,
,2019-10-25,,,,,
,2019-10-28,,,,,
,2019-10-29,,,,,
,2019-10-30,,,,,
,2019-10-31,,,,,
,2019-11-01,,,,,
,2019-11-04,,,,,
,2019-11-05,,,,,
,2019-11-06,,,,,
,2019-11-07,,,,,
,2019-11-08,,,,,
,2019-11-11,,,,,
,2019-11-12,,,,,
,2019-11-13,,,,,
,2019-11-14,,,,,
,2019-11-15,,,,,
,2019-11-18,,,,,
,2019-11-19,,,,,
,2019-11-20,,,,,
,2019-11-21,,,,,
,2019-11-22,,,,,
,2019-11-25,,,,,
,2019-11-26,,,,,
,2019-11-27,,,,,
,2019-11-29,,,,,
,2019-12-02,,,,,
,2019-12-03,,,,,
,2019-12-04,,,,,
,2019-12-05,,,,,
,2019-12-06,,,,,
,2019-12-09,,,,,
,2019-12-10,,,,,
,2019-12-11,,,,,
,2019-12-12,,,,,
,2019-12-13,,,,,
,2019-12-16,,,,,
,2019-12-17,,,,,
,2019-12-18,,,,,
,2019-12-19,,,,,
,2019-12-20,,,,,
,2019-12-23,,,,,
,2019-12-24,,,,,
,2019-12-26,,,,,
,2019-12-27,,,,,
,2019-12-30,,,,,
,2019-12-31,,,,,
,2020-01-02,,,,,
,2020-01-03,,,,,
,2020-01-06,,,,,
,2020-01-07,,,,,
,2020-01-08,,,,,
,2020-01-09,,,,,
,2020-01-10,,,,,
,2020-01-13,,,,,
,2020-01-14,,,,,
,2020-01-15,,,,,
,2020-01-16,,,,,
,2020-01-17,,,,,
,2020-01-21,,,,,
,2020-01-22,,,,,
,2020-01-23,,,,,
,2020-01-24,,,,,
,2020-01-27,,,,,
,2020-01-28,,,,,
,2020-01-29,,,,,
,2020-01-30,,,,,
,2020-01-31,,,,,
,2020-02-03,,,,,
,2020-02-04,,,,,
,2020-02-05,,,,,
,2020-02-06,,,,,
,2020-02-07,,,,,
,2020-02-10,,,,,
,2020-02-11,,,,,
,2020-02-12,,,,,
,2020-02-13,,,,,
,2020-02-14,,,,,
,2020-02-18,,,,,
,2020-02-19,,,,,
,2020-02-20,,,,,
,2020-02-21,,,,,
,2020-02-24,,,,,
,2020-02-25,,,,,
,2020-02-26,,,,,
,2020-02-27,,,,,
,2020-02-28,,,,,
,2020-03-02,,,,,
,2020-03-03,,,,,
,2020-03-04,,,,,
,2020-03-05,,,,,
,2020-03-06,,,,,
,2020-03-09,,,,,
,2020-03-10,,,,,
,2020-03-11,,,,,
,2020-03-12,,,,,
,2020-03-13,,,,,
,2020-03-16,,,,,
,2020-03-17,,,,,
,2020-03-18,,,,,
,2020-03-19,,,,,
,2020-03-20,,,,,
,2020-03-23,,,,,
,2020-03-24,,,,,
,2020-03-25,,,,,
,2020-03-26,,,,,
,2020-03-27,,,,,
,2020-03-30,,,,,
,2020-03-31,,,,,
,2020-04-01,,,,,
,2020-04-02,,,,,
,2020-04-03,,,,,
,2020-04-06,,,,,
,2020-04-07,,,,,
,2020-04-08,,,,,
,2020-04-09,,,,,
,2020-04-13,,,,,
,2020-04-14,,,,,
,2020-04-15,,,,,
,2020-04-16,,,,,
,2020-04-17,,,,,
,2020-04-20,,,,,
,2020-04-21,,,,,
,2020-04-22,,,,,
,2020-04-23,,,,,
,2020-04-24,,,,,
,2020-04-27,,,,,
,2020-04-28,,,,,
,2020-04-29,,,,,
,2020-04-30,,,,,
,2020-05-01,,,,,
,2020-05-04,,,,,
,2020-05-05,,,,,
,2020-05-06,,,,,
,2020-05-07,,,,,
,2020-05-08,,,,,
,2020-05-11,,,,,
,2020-05-12,,,,,
,2020-05-13,,,,,
,2020-05-14,,,,,
,2020-05-15,,,,,
,2020-05-18,,,,,
,2020-05-19,,,,,
,2020-05-20,,,,,
,2020-05-21,,,,,
,2020-05-22,,,,,
,2020-05-26,,,,,
,2020-05-27,,,,,
,2020-05-28,,,,,
,2020-05-29,,,,,
,2020-06-01,,,,,
,2020-06-02,,,,,
,2020-06-03,,,,,
,2020-06-04,,,,,
,2020-06-05,,,,,
,2020-06-08,,,,,
,2020-06-09,,,,,
,2020-06-10,,,,,
,2020-06-11,,,,,
,2020-06-12,,,,,
,2020-06-15,,,,,
,2020-06-16,,,,,
,2020-06-17,,,,,
,2020-06-18,,,,,
,2020-06-19,,,,,
,2020-06-22,,,,,
,2020-06-23,,,,,
,2020-06-24,,,,,
,2020-06-25,,,,,
,2020-06-26,,,,,
,2020-06-29,,,,,
,2020-06-30,,,,,
,2020-07-01,,,,,
,2020-07-02,,,,,
,2020-07-06,,,,,
,2020-07-07,,,,,
,2020-07-08,,,,,
,2020-07-09,,,,,
,2020-07-10,,,,,
,2020-07-13,,,,,
,2020-07-14,,,,,
,2020-07-15,,,,,
,2020-07-16,,,,,
,2020-07-17,,,,,
,2020-07-20,,,,,
,2020-07-21,,,,,
,2020-07-22,,,,,
,2020-07-23,,,,,
,2020-07-24,,,,,
,2020-07-27,,,,,
,2020-07-28,,,,,
,2020-07-29,,,,,
,2020-07-30,,,,,
,2020-07-31,,,,,
,2020-08-03,,,,,
,2020-08-04,,,,,
,2020-08-05,,,,,
,2020-08-06,,,,,
,2020-08-07,,,,,
,2020-08-10,,,,,
,2020-08-11,,,,,
,2020-08-12,,,,,
,2020-08-13,,,,,
,2020-08-14,,,,,
,2020-08-17,,,,,
,2020-08-18,,,,,
,2020-08-19,,,,,
,2020-08-20,,,,,
,2020-08-21,,,,,
,2020-08-24,,,,,
,2020-08-25,,,,,
,2020-08-26,,,,,
,2020-08-27,,,,,
,2020-08-28,,,,,
,2020-08-31,,,,,
,2020-09-01,,,,,
,2020-09-02,,,,,
,2020-09-03,,,,,
,2020-09-04,,,,,
,2020-09-08,,,,,
,2020-09-09,,,,,
,2020-09-10,,,,,
,2020-09-11,,,,,
,2020-09-14,,,,,
,2020-09-15,,,,,
,2020-09-16,,,,,
,2020-09-17,,,,,
,2020-09-18,,,,,
,2020-09-21,,,,,
,2020-09-22,,,,,
,2020-09-23,,,,,
,2020-09-24,,,,,
,2020-09-25,,,,,
,2020-09-28,,,,,
,2020-09-29,,,,,
,2020-09-30,,,,,
,2020-10-01,,,,,
,2020-10-02,,,,,
,2020-10-05,,,,,
,2020-10-06,,,,,
,2020-10-07,,,,,
,2020-10-08,,,,,
,2020-10-09,,,,,
,2020-10-12,,,,,
,2020-10-13,,,,,
,2020-10-14,,,,,
,2020-10-15,,,,,
,2020-10-16,,,,,
,2020-10-19,,,,,
,2020-10-20,,,,,
,2020-10-21,,,,,
,2020-10-22,,,,,
,2020-10-23,,,,,
,2020-10-26,,,,,
,2020-10-27,,,,,
,2020-10-28,,,,,
,2020-10-29,,,,,
,2020-10-30,,,,,
,2020-11-02,,,,,
,2020-11-03,,,,,
,2020-11-04,,,,,
,2020-11-05,,,,,
,2020-11-06,,,,,
,2020-11-09,,,,,
,2020-11-10,,,,,
,2020-11-11,,,,,
,2020-11-12,,,,,
,2020-11-13,,,,,
,2020-11-16,,,,,
,2020-11-17,,,,,
,2020-11-18,,,,,
,2020-11-19,,,,,
,2020-11-20,,,,,
,2020-11-23,,,,,
,2020-11-24,,,,,
,2020-11-25,,,,,
,2020-11-27,,,,,
,2020-11-30,,,,,
,2020-12-01,,,,,
,2020-12-02,,,,,
,2020-12-03,,,,,
,2020-12-04,,,,,
,2020-12-07,,,,,
,2020-12-08,,,,,
,2020-12-09,,,,,
,2020-12-10,,,,,
,2020-12-11,,,,,
,2020-12-14,,,,,
,2020-12-15,,,,,
,2020-12-16,,,,,
,2020-12-17,,,,,
,2020-12-18,,,,,
,2020-12-21,,,,,
,2020-12-22,,,,,
,2020-12-23,,,,,
,2020-12-24,,,,,
,2020-12-28,,,,,
,2020-12-29,,,,,
,2020-12-30,,,,,
,2020-12-31,,,,,
,2021-01-04,,,,,
,2021-01-05,,,,,
,2021-01-06,,,,,
,2021-01-07,,,,,
,2021-01-08,,,,,
,2021-01-11,,,,,
,2021-01-12,,,,,
,2021-01-13,,,,,
,2021-01-14,,,,,
,2021-01-15,,,,,
,2021-01-19,,,,,
,2021-01-20,,,,,
,2021-01-21,,,,,
,2021-01-22,,,,,
,2021-01-25,,,,,
,2021-01-26,,,,,
,2021-01-27,,,,,
,2021-01-28,,,,,
,2021-01-29,,,,,
,2021-02-01,,,,,
,2021-02-02,,,,,
,2021-02-03,,,,,
,2021-02-04,,,,,
,2021-02-05,,,,,
,2021-02-08,,,,,
,2021-02-09,,,,,
,2021-02-10,,,,,
,2021-02-11,,,,,
,2021-02-12,,,,,
,2021-02-16,,,,,
,2021-02-17,,,,,
,2021-02-18,,,,,
,2021-02-19,,,,,
,2021-02-22,,,,,
,2021-02-23,,,,,
,2021-02-24,,,,,
,2021-02-25,,,,,
,2021-02-26,,,,,
,2021-03-01,,,,,
,2021-03-02,,,,,
,2021-03-03,,,,,
,2021-03-04,,,,,
,2021-03-05,,,,,
,2021-03-08,,,,,
,2021-03-09,,,,,
,2021-03-10,,,,,
,2021-03-11,,,,,
,2021-03-12,,,,,
,2021-03-15,,,,,
,2021-03-16,,,,,
,2021-03-17,,,,,
,2021-03-18,,,,,
,2021-03-19,,,,,
,2021-03-22,,,,,
,2021-03-23,,,,,
,2021-03-24,,,,,
,2021-03-25,,,,,
,2021-03-26,,,,,
,2021-03-29,,,,,
,2021-03-30,,,,,
,2021-03-31,,,,,
,2021-04-01,,,,,
,2021-04-05,,,,,
,2021-04-06,,,,,
,2021-04-07,,,,,
,2021-04-08,,,,,
,2021-04-09,,,,,
,2021-04-12,,,,,
,2021-04-13,,,,,
,2021-04-14,,,,,
,2021-04-15,,,,,
,2021-04-16,,,,,
,2021-04-19,,,,,
,2021-04-20,,,,,
,2021-04-21,,,,,
,2021-04-22,,,,,
,2021-04-23,,,,,
,2021-04-26,,,,,
,2021-04-27,,,,,
,2021-04-28,,,,,
,2021-04-29,,,,,
,2021-04-30,,,,,
,2021-05-03,,,,,
,2021-05-04,,,,,
,2021-05-05,,,,,
,2021-05-06,,,,,
,2021-05-07,,,,,
,2021-05-10,,,,,
,2021-05-11,,,,,
,2021-05-12,,,,,
,2021-05-13,,,,,
,2021-05-14,,,,,
,2021-05-17,,,,,
,2021-05-18,,,,,
,2021-05-19,,,,,
,2021-05-20,,,,,
,2021-05-21,,,,,
,2021-05-24,,,,,
,2021-05-25,,,,,
,2021-05-26,,,,,
,2021-05-27,,,,,
,2021-05-28,,,,,
,2021-06-01,,,,,
,2021-06-02,,,,,
,2021-06-03,,,,,
,2021-06-04,,,,,
,2021-06-07,,,,,
,2021-06-08,,,,,
,2021-06-09,,,,,
,2021-06-10,,,,,
,2021-06-11,,,,,
,2021-06-14,,,,,
,2021-06-15,,,,,
,2021-06-16,,,,,
,2021-06-17,,,,,
,2021-06-18,,,,,
,2021-06-21,,,,,
,2021-06-22,,,,,
,2021-06-23,,,,,
,2021-06-24,,,,,
,2021-06-25,,,,,
,2021-06-28,,,,,
,2021-06-29,,,,,
,2021-06-30,,,,,
,2021-07-01,,,,,
,2021-07-02,,,,,
,2021-07-06,,,,,
,2021-07-07,,,,,
,2021-07-08,,,,,
,2021-07-09,,,,,
,2021-07-12,,,,,
,2021-07-13,,,,,
,2021-07-14,,,,,
,2021-07-15,,,,,
,2021-07-16,,,,,
,2021-07-19,,,,,
,2021-07-20,,,,,
,2021-07-21,,,,,
,2021-07-22,,,,,
,2021-07-23,,,,,
,2021-07-26,,,,,
,2021-07-27,,,,,
,2021-07-28,,,,,
,2021-07-29,,,,,
,2021-07-30,,,,,
,2021-08-02,,,,,
,2021-08-03,,,,,
,2021-08-04,,,,,
,2021-08-05,,,,,
,2021-08-06,,,,,
,2021-08-09,,,,,
,2021-08-10,,,,,
,2021-08-11,,,,,
,2021-08-12,,,,,
,2021-08-13,,,,,
,2021-08-16,,,,,
,2021-08-17,,,,,
,2021-08-18,,,,,
,2021-08-19,,,,,
,2021-08-20,,,,,
,2021-08-23,,,,,
,2021-08-24,,,,,
,2021-08-25,,,,,
,2021-08-26,,,,,
,2021-08-27,,,,,
,2021-08-30,,,,,
,2021-08-31,,,,,
,2021-09-01,,,,,
,2021-09-02,,,,,
,2021-09-03,,,,,
,2021-09-07,,,,,
,2021-09-08,,,,,
,2021-09-09,,,,,
,2021-09-10,,,,,
,2021-09-13,,,,,
,2021-09-14,,,,,
,2021-09-15,,,,,
,2021-09-16,,,,,
,2021-09-17,,,,,
,2021-09-20,,,,,
,2021-09-21,,,,,
,2021-09-22,,,,,
,2021-09-23,,,,,
,2021-09-24,,,,,
,2021-09-27,,,,,
,2021-09-28,,,,,
,2021-09-29,,,,,
,2021-09-30,,,,,
,2021-10-01,,,,,
,2021-10-04,,,,,
,2021-10-05,,,,,
,2021-10-06,,,,,
,2021-10-07,,,,,
,2021-10-08,,,,,
,2021-10-11,,,,,
,2021-10-12,,,,,
,2021-10-13,,,,,
,2021-10-14,,,,,
,2021-10-15,,,,,
,2021-10-18,,,,,
,2021-10-19,,,,,
,2021-10-20,,,,,
,2021-10-21,,,,,
,2021-10-22,,,,,
,2021-10-25,,,,,
,2021-10-26,,,,,
,2021-10-27,,,,,
,2021-10-28,,,,,
,2021-10-29,,,,,
,2021-11-01,,,,,
,2021-11-02,,,,,
,2021-11-03,,,,,
,2021-11-04,,,,,
,2021-11-05,,,,,
,2021-11-08,,,,,
,2021-11-09,,,,,
,2021-11-10,,,,,
,2021-11-11,,,,,
,2021-11-12,,,,,
,2021-11-15,,,,,
,2021-11-16,,,,,
,2021-11-17,,,,,
,2021-11-18,,,,,
,2021-11-19,,,,,
,2021-11-22,,,,,
,2021-11-23,,,,,
,2021-11-24,,,,,
,2021-11-26,,,,,
,2021-11-29,,,,,
,2021-11-30,,,,,
,2021-12-01,,,,,
,2021-12-02,,,,,
,2021-12-03,,,,,
,2021-12-06,,,,,
,2021-12-07,,,,,
,2021-12-08,,,,,
,2021-12-09,,,,,
,2021-12-10,,,,,
,2021-12-13,,,,,
,2021-12-14,,,,,
,2021-12-15,,,,,
,2021-12-16,,,,,
,2021-12-17,,,,,
,2021-12-20,,,,,
,2021-12-21,,,,,
,2021-12-22,,,,,
,2021-12-23,,,,,
,2021-12-27,,,,,
,2021-12-28,,,,,
,2021-12-29,,,,,
,2021-12-30,,,,,
,2021-12-31,,,,,
,2022-01-03,,,,,
,2022-01-04,,,,,
,2022-01-05,,,,,
,2022-01-06,,,,,
,2022-01-07,,,,,
,2022-01-10,,,,,
,2022-01-11,,,,,
,2022-01-12,,,,,
,2022-01-13,,,,,
,2022-01-14,,,,,
,2022-01-18,,,,,
,2022-01-19,,,,,
,2022-01-20,,,,,
,2022-01-21,,,,,
,2022-01-24,,,,,
,2022-01-25,,,,,
,2022-01-26,,,,,
,2022-01-27,,,,,
,2022-01-28,,,,,
,2022-01-31,,,,,
,2022-02-01,,,,,
,2022-02-02,,,,,
,2022-02-03,,,,,
,2022-02-04,,,,,
,2022-02-07,,,,,
,2022-02-08,,,,,
,2022-02-09,,,,,
,2022-02-10,,,,,
,2022-02-11,,,,,
,2022-02-14,,,,,
,2022-02-15,,,,,
,2022-02-16,,,,,
,2022-02-17,,,,,
,2022-02-18,,,,,
,2022-02-22,,,,,
,2022-02-23,,,,,
,2022-02-24,,,,,
,2022-02-25,,,,,
,2022-02-28,,,,,
,2022-03-01,,,,,
,2022-03-02,,,,,
,2022-03-03,,,,,
,2022-03-04,,,,,
,2022-03-07,,,,,
,2022-03-08,,,,,
,2022-03-09,,,,,
,2022-03-10,,,,,
,2022-03-11,,,,,
,2022-03-14,,,,,
,2022-03-15,,,,,
,2022-03-16,,,,,
,2022-03-17,,,,,
,2022-03-18,,,,,
,2022-03-21,,,,,
,2022-03-22,,,,,
,2022-03-23,,,,,
,2022-03-24,,,,,
,2022-03-25,,,,,
,2022-03-28,,,,,
,2022-03-29,,,,,
,2022-03-30,,,,,
,2022-03-31,,,,,
,2022-04-01,,,,,
,2022-04-04,,,,,
,2022-04-05,,,,,
,2022-04-06,,,,,
,2022-04-07,,,,,
,2022-04-08,,,,,
,2022-04-11,,,,,
,2022-04-12,,,,,
,2022-04-13,,,,,
,2022-04-14,,,,,
,2022-04-18,,,,,
,2022-04-19,,,,,
,2022-04-20,,,,,
,2022-04-21,,,,,
,2022-04-22,,,,,
,2022-04-25,,,,,
,2022-04-26,,,,,
,2022-04-27,,,,,
,2022-04-28,,,,,
,2022-04-29,,,,,
,2022-05-02,,,,,
,2022-05-03,,,,,
,2022-05-04,,,,,
,2022-05-05,,,,,
,2022-05-06,,,,,
,2022-05-09,,,,,
,2022-05-10,,,,,
,2022-05-11,,,,,
,2022-05-12,,,,,
,2022-05-13,,,,,
,2022-05-16,,,,,
,2022-05-17,,,,,
,2022-05-18,,,,,
,2022-05-19,,,,,
,2022-05-20,,,,,
,2022-05-23,,,,,
,2022-05-24,,,,,
,2022-05-25,,,,,
,2022-05-26,,,,,
,2022-05-27,,,,,
,2022-05-31,,,,,
,2022-06-01,,,,,
,2022-06-02,,,,,
,2022-06-03,,,,,
,2022-06-06,,,,,
,2022-06-07,,,,,
,2022-06-08,,,,,
,2022-06-09,,,,,
,2022-06-10,,,,,
,2022-06-13,,,,,
,2022-06-14,,,,,
,2022-06-15,,,,,
,2022-06-16,,,,,
,2022-06-17,,,,,
,2022-06-21,,,,,
,2022-06-22,,,,,
,2022-06-23,,,,,
,2022-06-24,,,,,
,2022-06-27,,,,,
,2022-06-28,,,,,
,2022-06-29,,,,,
,2022-06-30,,,,,
,2022-07-01,,,,,
,2022-07-05,,,,,
,2022-07-06,,,,,
,2022-07-07,,,,,
,2022-07-08,,,,,
,2022-07-11,,,,,
,2022-07-12,,,,,
,2022-07-13,,,,,
,2022-07-14,,,,,
,2022-07-15,,,,,
,2022-07-18,,,,,
,2022-07-19,,,,,
,2022-07-20,,,,,
,2022-07-21,,,,,
,2022-07-22,,,,,
,2022-07-25,,,,,
,2022-07-26,,,,,
,2022-07-27,,,,,
,2022-07-28,,,,,
,2022-07-29,,,,,
,2022-08-01,,,,,
,2022-08-02,,,,,
,2022-08-03,,,,,
,2022-08-04,,,,,
,2022-08-05,,,,,
,2022-08-08,,,,,
,2022-08-09,,,,,
,2022-08-10,,,,,
,2022-08-11,,,,,
,2022-08-12,,,,,
,2022-08-15,,,,,
,2022-08-16,,,,,
,2022-08-17,,,,,
,2022-08-18,,,,,
,2022-08-19,,,,,
,2022-08-22,,,,,
,2022-08-23,,,,,
,2022-08-24,,,,,
,2022-08-25,,,,,
,2022-08-26,,,,,
,2022-08-29,,,,,
,2022-08-30,,,,,
,2022-08-31,,,,,
,2022-09-01,,,,,
,2022-09-02,,,,,
,2022-09-06,,,,,
,2022-09-07,,,,,
,2022-09-08,,,,,
,2022-09-09,,,,,
,2022-09-12,,,,,
,2022-09-13,,,,,
,2022-09-14,,,,,
,2022-09-15,,,,,
,2022-09-16,,,,,
,2022-09-19,,,,,
,2022-09-20,,,,,
,2022-09-21,,,,,
,2022-09-22,,,,,
,2022-09-23,,,,,
,2022-09-26,,,,,
,2022-09-27,,,,,
,2022-09-28,,,,,
,2022-09-29,,,,,
,2022-09-30,,,,,
,2022-10-03,,,,,
,2022-10-04,,,,,
,2022-10-05,,,,,
,2022-10-06,,,,,
,2022-10-07,,,,,
,2022-10-10,,,,,
,2022-10-11,,,,,
,2022-10-12,,,,,
,2022-10-13,,,,,
,2022-10-14,,,,,
,2022-10-17,,,,,
,2022-10-18,,,,,
,2022-10-19,,,,,
,2022-10-20,,,,,
,2022-10-21,,,,,
,2022-10-24,,,,,
,2022-10-25,,,,,
,2022-10-26,,,,,
,2022-10-27,,,,,
,2022-10-28,,,,,
,2022-10-31,,,,,
,2022-11-01,,,,,
,2022-11-02,,,,,
,2022-11-03,,,,,
,2022-11-04,,,,,
,2022-11-07,,,,,
,2022-11-08,,,,,
,2022-11-09,,,,,
,2022-11-10,,,,,
,2022-11-11,,,,,
,2022-11-14,,,,,
,2022-11-15,,,,,
,2022-11-16,,,,,
,2022-11-17,,,,,
,2022-11-18,,,,,
,2022-11-21,,,,,
,2022-11-22,,,,,
,2022-11-23,,,,,
,2022-11-25,,,,,
,2022-11-28,,,,,
,2022-11-29,,,,,
,2022-11-30,,,,,
,2022-12-01,,,,,
,2022-12-02,,,,,
,2022-12-05,,,,,
,2022-12-06,,,,,
,2022-12-07,,,,,
,2022-12-08,,,,,
,2022-12-09,,,,,
,2022-12-12,,,,,
,2022-12-13,,,,,
,2022-12-14,,,,,
,2022-12-15,,,,,
,2022-12-16,,,,,
,2022-12-19,,,,,
,2022-12-20,,,,,
,2022-12-21,,,,,
,2022-12-22,,,,,
,2022-12-23,,,,,
,2022-12-27,,,,,
,2022-12-28,,,,,
,2022-12-29,,,,,
,2022-12-30,,,,,
,2023-01-03,,,,,
,2023-01-04,,,,,
,2023-01-05,,,,,
,2023-01-06,,,,,
,2023-01-09,,,,,
,2023-01-10,,,,,
,2023-01-11,,,,,
,2023-01-12,,,,,
,2023-01-13,,,,,
,2023-01-17,,,,,
,2023-01-18,,,,,
,2023-01-19,,,,,
,2023-01-20,,,,,
,2023-01-23,,,,,
,2023-01-24,,,,,
,2023-01-25,,,,,
,2023-01-26,,,,,
,2023-01-27,,,,,
,2023-01-30,,,,,
,2023-01-31,,,,,
,2023-02-01,,,,,
,2023-02-02,,,,,
,2023-02-03,,,,,
,2023-02-06,,,,,
,2023-02-07,,,,,
,2023-02-08,,,,,
,2023-02-09,,,,,
,2023-02-10,,,,,
,2023-02-13,,,,,
,2023-02-14,,,,,
,2023-02-15,,,,,
,2023-02-16,,,,,
,2023-02-17,,,,,
,2023-02-21,,,,,
,2023-02-22,,,,,
,2023-02-23,,,,,
,2023-02-24,,,,,
,2023-02-27,,,,,
,2023-02-28,,,,,
,2023-03-01,,,,,
,2023-03-02,,,,,
,2023-03-03,,,,,
,2023-03-06,,,,,
,2023-03-07,,,,,
,2023-03-08,,,,,
,2023-03-09,,,,,
,2023-03-10,,,,,
,2023-03-13,,,,,
,2023-03-14,,,,,
,2023-03-15,,,,,
,2023-03-16,,,,,
,2023-03-17,,,,,
,2023-03-20,,,,,
,2023-03-21,,,,,
,2023-03-22,,,,,
,2023-03-23,,,,,
,2023-03-24,,,,,
,2023-03-27,,,,,
,2023-03-28,,,,,
,2023-03-29,,,,,
,2023-03-30,,,,,
,2023-03-31,,,,,
,2023-04-03,,,,,
,2023-04-04,,,,,
,2023-04-05,,,,,
,2023-04-06,,,,,
,2023-04-10,,,,,
,2023-04-11,,,,,
,2023-04-12,,,,,
,2023-04-13,,,,,
,2023-04-14,,,,,
,2023-04-17,,,,,
,2023-04-18,,,,,
,2023-04-19,,,,,
,2023-04-20,,,,,
,2023-04-21,,,,,
,2023-04-24,,,,,
,2023-04-25,,,,,
,2023-04-26,,,,,
,2023-04-27,,,,,
,2023-04-28,,,,,
,2023-05-01,,,,,
,2023-05-02,,,,,
,2023-05-03,,,,,
,2023-05-04,,,,,
,2023-05-05,,,,,
,2023-05-08,,,,,
,2023-05-09,,,,,
,2023-05-10,,,,,
,2023-05-11,,,,,
,2023-05-12,,,,,
,2023-05-15,,,,,
,2023-05-16,,,,,
,2023-05-17,,,,,
,2023-05-18,,,,,
,2023-05-19,,,,,
,2023-05-22,,,,,
,2023-05-23,,,,,
,2023-05-24,,,,,
,2023-05-25,,,,,
,2023-05-26,,,,,
,2023-05-30,,,,,
,2023-05-31,,,,,
,2023-06-01,,,,,
,2023-06-02,,,,,
,2023-06-05,,,,,
,2023-06-06,,,,,
,2023-06-07,,,,,
,2023-06-08,,,,,
,2023-06-09,,,,,
,2023-06-12,,,,,
,2023-06-13,,,,,
,2023-06-14,,,,,
,2023-06-15,,,,,
,2023-06-16,,,,,
,2023-06-20,,,,,
,2023-06-21,,,,,
,2023-06-22,,,,,
,2023-06-23,,,,,
,2023-06-26,,,,,
,2023-06-27,,,,,
,2023-06-28,,,,,
,2023-06-29,,,,,
,2023-06-30,,,,,
,2023-07-03,,,,,
,2023-07-05,,,,,
,2023-07-06,,,,,
,2023-07-07,,,,,
,2023-07-10,,,,,
,2023-07-11,,,,,
,2023-07-12,,,,,
,2023-07-13,,,,,
,2023-07-14,,,,,
,2023-07-17,,,,,
,2023-07-18,,,,,
,2023-07-19,,,,,
,2023-07-20,,,,,
,2023-07-21,,,,,
,2023-07-24,,,,,
,2023-07-25,,,,,
,2023-07-26,,,,,
,2023-07-27,,,,,
,2023-07-28,,,,,
,2023-07-31,,,,,
,2023-08-01,,,,,
,2023-08-02,,,,,
,2023-08-03,,,,,
,2023-08-04,,,,,
,2023-08-07,,,,,
,2023-08-08,,,,,
,2023-08-09,,,,,
,2023-08-10,,,,,
,2023-08-11,,,,,
,2023-08-14,,,,,
,2023-08-15,,,,,
,2023-08-16,,,,,
,2023-08-17,,,,,
,2023-08-18,,,,,
,2023-08-21,,,,,
,2023-08-22,,,,,
,2023-08-23,,,,,
,2023-08-24,,,,,
,2023-08-25,,,,,
,2023-08-28,,,,,
,2023-08-29,,,,,
,2023-08-30,,,,,
,2023-08-31,,,,,
,2023-09-01,,,,,
,2023-09-05,,,,,
,2023-09-06,,,,,
,2023-09-07,,,,,
,2023-09-08,,,,,
,2023-09-11,,,,,
,2023-09-12,,,,,
,2023-09-13,,,,,
,2023-09-14,,,,,
,2023-09-15,,,,,
,2023-09-18,,,,,
,2023-09-19,,,,,
,2023-09-20,,,,,
,2023-09-21,,,,,
,2023-09-22,,,,,
,2023-09-25,,,,,
,2023-09-26,,,,,
,2023-09-27,,,,,
,2023-09-28,,,,,
,2023-09-29,,,,,
,2023-10-02,,,,,
,2023-10-03,,,,,
,2023-10-04,,,,,
,2023-10-05,,,,,
,2023-10-06,,,,,
,2023-10-09,,,,,
,2023-10-10,,,,,
,2023-10-11,,,,,
,2023-10-12,,,,,
,2023-10-13,,,,,
,2023-10-16,,,,,
,2023-10-17,,,,,
,2023-10-18,,,,,
,2023-10-19,,,,,
,2023-10-20,,,,,
,2023-10-23,,,,,
,2023-10-24,,,,,
,2023-10-25,,,,,
,2023-10-26,,,,,
,2023-10-27,,,,,
,2023-10-30,,,,,
,2023-10-31,,,,,
,2023-11-01,,,,,
,2023-11-02,,,,,
,2023-11-03,,,,,
,2023-11-06,,,,,
,2023-11-07,,,,,
,2023-11-08,,,,,
,2023-11-09,,,,,
,2023-11-10,,,,,
,2023-11-13,,,,,
,2023-11-14,,,,,
,2023-11-15,,,,,
,2023-11-16,,,,,
,2023-11-17,,,,,
,2023-11-20,,,,,
,2023-11-21,,,,,
,2023-11-22,,,,,
,2023-11-24,,,,,
,2023-11-27,,,,,
,2023-11-28,,,,,
,2023-11-29,,,,,
,2023-11-30,,,,,
,2023-12-01,,,,,
,2023-12-04,,,,,
,2023-12-05,,,,,
,2023-12-06,,,,,
,2023-12-07,,,,,
,2023-12-08,,,,,
,2023-12-11,,,,,
,2023-12-12,,,,,
,2023-12-13,,,,,
,2023-12-14,,,,,
,2023-12-15,,,,,
,2023-12-18,,,,,
,2023-12-19,,,,,
,2023-12-20,,,,,
,2023-12-21,,,,,
,2023-12-22,,,,,
,2023-12-26,,,,,
,2023-12-27,,,,,
,2023-12-28,,,,,
,2023-12-29,,,,,
,2024-01-02,,,,,
,2024-01-03,,,,,
,2024-01-04,,,,,
,2024-01-05,,,,,
,2024-01-08,,,,,
,2024-01-09,,,,,
,2024-01-10,,,,,
,2024-01-11,,,,,
,2024-01-12,,,,,
,2024-01-16,,,,,
,2024-01-17,,,,,
,2024-01-18,,,,,
,2024-01-19,,,,,
,2024-01-22,,,,,
,2024-01-23,,,,,
,2024-01-24,,,,,
,2024-01-25,,,,,
,2024-01-26,,,,,
,2024-01-29,,,,,
,2024-01-30,,,,,
,2024-01-31,,,,,
,2024-02-01,,,,,
,2024-02-02,,,,,
,2024-02-05,,,,,
,2024-02-06,,,,,
,2024-02-07,,,,,
,2024-02-08,,,,,
,2024-02-09,,,,,
,2024-02-12,,,,,
,2024-02-13,,,,,
,2024-02-14,,,,,
,2024-02-15,,,,,
,2024-02-16,,,,,
,2024-02-20,,,,,
,2024-02-21,,,,,
,2024-02-22,,,,,
,2024-02-23,,,,,
,2024-02-26,,,,,
,2024-02-27,,,,,
,2024-02-28,,,,,
,2024-02-29,,,,,
,2024-03-01,,,,,
,2024-03-04,,,,,
,2024-03-05,,,,,
,2024-03-06,,,,,
,2024-03-07,,,,,
,2024-03-08,,,,,
,2024-03-11,,,,,
,2024-03-12,,,,,
,2024-03-13,,,,,
,2024-03-14,,,,,
,2024-03-15,,,,,
,2024-03-18,,,,,
,2024-03-19,,,,,
,2024-03-20,,,,,
,2024-03-21,,,,,
,2024-03-22,,,,,
,2024-03-25,,,,,
,2024-03-26,,,,,
,2024-03-27,,,,,
,2024-03-28,,,,,
,2024-04-01,,,,,
,2024-04-02,,,,,
,2024-04-03,,,,,
,2024-04-04,,,,,
,2024-04-05,,,,,
,2024-04-08,,,,,
,2024-04-09,,,,,
,2024-04-10,,,,,
,2024-04-11,,,,,
,2024-04-12,,,,,
,2024-04-15,,,,,
,2024-04-16,,,,,
,2024-04-17,,,,,
,2024-04-18,,,,,
,2024-04-19,,,,,
,2024-04-22,,,,,
,2024-04-23,,,,,
,2024-04-24,,,,,
,2024-04-25,,,,,
,2024-04-26,,,,,
,2024-04-29,,,,,
,2024-04-30,,,,,
,2024-05-01,,,,,
,2024-05-02,,,,,
,2024-05-03,,,,,
,2024-05-06,,,,,
,2024-05-07,,,,,
,2024-05-08,,,,,
,2024-05-09,,,,,
,2024-05-10,,,,,
,2024-05-13,,,,,
,2024-05-14,,,,,
,2024-05-15,,,,,
,2024-05-16,,,,,
,2024-05-17,,,,,
,2024-05-20,,,,,
,2024-05-21,,,,,
,2024-05-22,,,,,
,2024-05-23,,,,,
,2024-05-24,,,,,
,2024-05-28,,,,,
,2024-05-29,,,,,
,2024-05-30,,,,,
,2024-05-31,,,,,
,2024-06-03,,,,,
,2024-06-04,,,,,
,2024-06-05,,,,,
,2024-06-06,,,,,
,2024-06-07,,,,,
,2024-06-10,,,,,
,2024-06-11,,,,,
,2024-06-12,,,,,
,2024-06-13,,,,,
,2024-06-14,,,,,
,2024-06-17,,,,,
,2024-06-18,,,,,
,2024-06-20,,,,,
,2024-06-21,,,,,
,2024-06-24,,,,,
,2024-06-25,,,,,
,2024-06-26,,,,,
,2024-06-27,,,,,
,2024-06-28,,,,,
,2024-07-01,,,,,
,2024-07-02,,,,,
,2024-07-03,,,,,
,2024-07-05,,,,,
,2024-07-08,,,,,
,2024-07-09,,,,,
,2024-07-10,,,,,
,2024-07-11,,,,,
,2024-07-12,,,,,
,2024-07-15,,,,,
,2024-07-16,,,,,
,2024-07-17,,,,,
,2024-07-18,,,,,
,2024-07-19,,,,,
,2024-07-22,,,,,
,2024-07-23,,,,,
,2024-07-24,,,,,
,2024-07-25,,,,,
,2024-07-26,,,,,
,2024-07-29,,,,,
,2024-07-30,,,,,
,2024-07-31,,,,,
,2024-08-01,,,,,
,2024-08-02,,,,,
,2024-08-05,,,,,
,2024-08-06,,,,,
,2024-08-07,,,,,
,2024-08-08,,,,,
,2024-08-09,,,,,
,2024-08-12,,,,,
,2024-08-13,,,,,
,2024-08-14,,,,,
,2024-08-15,,,,,
,2024-08-16,,,,,
,2024-08-19,,,,,
,2024-08-20,,,,,
,2024-08-21,,,,,
,2024-08-22,,,,,
,2024-08-23,,,,,
,2024-08-26,,,,,
,2024-08-27,,,,,
,2024-08-28,,,,,
,2024-08-29,,,,,
,2024-08-30,,,,,
,2024-09-03,,,,,
,2024-09-04,,,,,
,2024-09-05,,,,,
,2024-09-06,,,,,
,2024-09-09,,,,,
,2024-09-10,,,,,
,2024-09-11,,,,,
,2024-09-12,,,,,
,2024-09-13,,,,,
,2024-09-16,,,,,
,2024-09-17,,,,,
,2024-09-18,,,,,
,2024-09-19,,,,,
,2024-09-20,,,,,
,2024-09-23,,,,,
,2024-09-24,,,,,
,2024-09-25,,,,,
,2024-09-26,,,,,
,2024-09-27,,,,,
,2024-09-30,,,,,
,2024-10-01,,,,,
,2024-10-02,,,,,
,2024-10-03,,,,,
,2024-10-04,,,,,
,2024-10-07,,,,,
,2024-10-08,,,,,
,2024-10-09,,,,,
,2024-10-10,,,,,
,2024-10-11,,,,,
,2024-10-14,,,,,
,2024-10-15,,,,,
,2024-10-16,,,,,
,2024-10-17,,,,,
,2024-10-18,,,,,
,2024-10-21,,,,,
,2024-10-22,,,,,
,2024-10-23,,,,,
,2024-10-24,,,,,
,2024-10-25,,,,,
,2024-10-28,,,,,
,2024-10-29,,,,,
,2024-10-30,,,,,
,2024-10-31,,,,,
,2024-11-01,,,,,
,2024-11-04,,,,,
,2024-11-05,,,,,
,2024-11-06,,,,,
,2024-11-07,,,,,
,2024-11-08,,,,,
,2024-11-11,,,,,
,2024-11-12,,,,,
,2024-11-13,,,,,
,2024-11-14,,,,,
,2024-11-15,,,,,
,2024-11-18,,,,,
,2024-11-19,,,,,
,2024-11-20,,,,,
,2024-11-21,,,,,
,2024-11-22,,,,,
,2024-11-25,,,,,
,2024-11-26,,,,,
,2024-11-27,,,,,
,2024-11-29,,,,,
,2024-12-02,,,,,
,2024-12-03,,,,,
,2024-12-04,,,,,
,2024-12-05,,,,,
,2024-12-06,,,,,
,2024-12-09,,,,,
,2024-12-10,,,,,
,2024-12-11,,,,,
,2024-12-12,,,,,
,2024-12-13,,,,,
,2024-12-16,,,,,
,2024-12-17,,,,,
,2024-12-18,,,,,
,2024-12-19,,,,,
,2024-12-20,,,,,
,2024-12-23,,,,,
,2024-12-24,,,,,
,2024-12-26,,,,,
,2024-12-27,,,,,
,2024-12-30,,,,,
,2024-12-31,,,,,
,2025-01-02,,,,,
,2025-01-03,,,,,
,2025-01-06,,,,,
,2025-01-07,,,,,
,2025-01-08,,,,,
,2025-01-10,,,,,
,2025-01-13,,,,,
,2025-01-14,,,,,
,2025-01-15,,,,,
,2025-01-16,,,,,
,2025-01-17,,,,,
,2025-01-21,,,,,
,2025-01-22,,,,,
,2025-01-23,,,,,
,2025-01-24,,,,,
,2025-01-27,,,,,
,2025-01-28,,,,,
,2025-01-29,,,,,
,2025-01-30,,,,,
,2025-01-31,,,,,
,2025-02-03,,,,,
,2025-02-04,,,,,
,2025-02-05,,,,,
,2025-02-06,,,,,
,2025-02-07,,,,,
,2025-02-10,,,,,
,2025-02-11,,,,,
,2025-02-12,,,,,
,2025-02-13,,,,,
,2025-02-14,,,,,
,2025-02-18,,,,,
,2025-02-19,,,,,
,2025-02-20,,,,,
,2025-02-21,,,,,
,2025-02-24,,,,,
,2025-02-25,,,,,
,2025-02-26,,,,,
,2025-02-27,,,,,
,2025-02-28,,,,,
,2025-03-03,,,,,
,2025-03-04,,,,,
,2025-03-05,,,,,
,2025-03-06,,,,,
,2025-03-07,,,,,
,2025-03-10,,,,,
,2025-03-11,,,,,
,2025-03-12,,,,,
,2025-03-13,,,,,
,2025-03-14,,,,,
,2025-03-17,,,,,
,2025-03-18,,,,,
,2025-03-19,,,,,
,2025-03-20,,,,,
,2025-03-21,,,,,
,2025-03-24,,,,,
,2025-03-25,,,,,
,2025-03-26,,,,,
,2025-03-27,,,,,
,2025-03-28,,,,,
,2025-03-31,,,,,
,2025-04-01,,,,,
,2025-04-02,,,,,
,2025-04-03,,,,,
,2025-04-04,,,,,
,2025-04-07,,,,,
,2025-04-08,,,,,
,2025-04-09,,,,,
,2025-04-10,,,,,
,2025-04-11,,,,,
,2025-04-14,,,,,
,2025-04-15,,,,,
,2025-04-16,,,,,
,2025-04-17,,,,,
,2025-04-21,,,,,
,2025-04-22,,,,,
,2025-04-23,,,,,
,2025-04-24,,,,,
,2025-04-25,,,,,
,2025-04-28,,,,,
,2025-04-29,,,,,
,2025-04-30,,,,,
,2025-05-01,,,,,
,2025-05-02,,,,,
,2025-05-05,,,,,
,2025-05-06,,,,,
,2025-05-07,,,,,
,2025-05-08,,,,,
,2025-05-09,,,,,
,2025-05-12,,,,,
,2025-05-13,,,,,
,2025-05-14,,,,,
,2025-05-15,,,,,
,2025-05-16,,,,,
,2025-05-19,,,,,
,2025-05-20,,,,,
,2025-05-21,,,,,
,2025-05-22,,,,,
,2025-05-23,,,,,
,2025-05-27,,,,,
,2025-05-28,,,,,
,2025-05-29,,,,,
,2025-05-30,,,,,
,2025-06-02,,,,,
,2025-06-03,,,,,
,2025-06-04,,,,,
,2025-06-05,,,,,
,2025-06-06,,,,,
,2025-06-09,,,,,
,2025-06-10,,,,,
,2025-06-11,,,,,
,2025-06-12,,,,,
,2025-06-13,,,,,
,2025-06-16,,,,,
,2025-06-17,,,,,
,2025-06-18,,,,,
,2025-06-20,,,,,
,2025-06-23,,,,,
,2025-06-24,,,,,
,2025-06-25,,,,,
,2025-06-26,,,,,
,2025-06-27,,,,,
,2025-06-30,,,,,
,2025-07-01,,,,,
,2025-07-02,,,,,
,2025-07-03,,,,,
,2025-07-07,,,,,
,2025-07-08,,,,,
,2025-07-09,,,,,
,2025-07-10,,,,,
,2025-07-11,,,,,
,2025-07-14,,,,,
,2025-07-15,,,,,
,2025-07-16,,,,,
,2025-07-17,,,,,
,2025-07-18,,,,,
,2025-07-21,,,,,
,2025-07-22,,,,,
,2025-07-23,,,,,
,2025-07-24,,,,,
,2025-07-25,,,,,
,2025-07-28,,,,,
,2025-07-29,,,,,
,2025-07-30,,,,,
,2025-07-31,,,,,
,2025-08-01,,,,,
,2025-08-04,,,,,
,2025-08-05,,,,,
,2025-08-06,,,,,
,2025-08-07,,,,,
,2025-08-08,,,,,
,2025-08-11,,,,,
,2025-08-12,,,,,
,2025-08-13,,,,,
,2025-08-14,,,,,
,2025-08-15,,,,,
,2025-08-18,,,,,
,2025-08-19,,,,,
,2025-08-20,,,,,
,2025-08-21,,,,,
,2025-08-22,,,,,
,2025-08-25,,,,,
,2025-08-26,,,,,
,2025-08-27,,,,,
,2025-08-28,,,,,
,2025-08-29,,,,,
,2025-09-02,,,,,
,2025-09-03,,,,,
,2025-09-04,,,,,
,2025-09-05,,,,,
,2025-09-08,,,,,
,2025-09-09,,,,,
,2025-09-10,,,,,
,2025-09-11,,,,,
,2025-09-12,,,,,
,2025-09-15,,,,,
,2025-09-16,,,,,
,2025-09-17,,,,,
,2025-09-18,,,,,
,2025-09-19,,,,,
,2025-09-22,,,,,
,2025-09-23,,,,,
,2025-09-24,,,,,
,2025-09-25,,,,,
,2025-09-26,,,,,
,2025-09-29,,,,,
,2025-09-30,,,,,
,2025-10-01,,,,,
,2025-10-02,,,,,
,2025-10-03,,,,,
,2025-10-06,,,,,
,2025-10-07,,,,,
,2025-10-08,,,,,
,2025-10-09,,,,,
,2025-10-10,,,,,
,2025-10-13,,,,,
,2025-10-14,,,,,
,2025-10-15,,,,,
,2025-10-16,,,,,
,2025-10-17,,,,,
,2025-10-20,,,,,
,2025-10-21,,,,,
,2025-10-22,,,,,
,2025-10-23,,,,,
,2025-10-24,,,,,
,2025-10-27,,,,,
,2025-10-28,,,,,
,2025-10-29,,,,,
,2025-10-30,,,,,
,2025-10-31,,,,,
,2025-11-03,,,,,
,2025-11-04,,,,,
,2025-11-05,,,,,
,2025-11-06,,,,,
,2025-11-07,,,,,
,2025-11-10,,,,,
,2025-11-11,,,,,
,2025-11-12,,,,,
,2025-11-13,,,,,
,2025-11-14,,,,,
,2025-11-17,,,,,
,2025-11-18,,,,,
,2025-11-19,,,,,
,2025-11-20,,,,,
,2025-11-21,,,,,
,2025-11-24,,,,,
,2025-11-25,,,,,
,2025-11-26,,,,,
,2025-11-28,,,,,
,2025-12-01,,,,,
,2025-12-02,,,,,
,2025-12-03,,,,,
,2025-12-04,,,,,
,2025-12-05,,,,,
,2025-12-08,,,,,
,2025-12-09,,,,,
,2025-12-10,,,,,
,2025-12-11,,,,,
,2025-12-12,,,,,
,2025-12-15,,,,,
,2025-12-16,,,,,
,2025-12-17,,,,,
,2025-12-18,,,,,
,2025-12-19,,,,,
,2025-12-22,,,,,
,2025-12-23,,,,,
,2025-12-24,,,,,
,2025-12-26,,,,,
,2025-12-29,,,,,
,2025-12-30,,,,,
,2025-12-31,,,,,
,2026-01-02,,,,,
,2026-01-05,,,,,
,2026-01-06,,,,,
,2026-01-07,,,,,
,2026-01-08,,,,,
,2026-01-09,,,,,
,2026-01-12,,,,,
,2026-01-13,,,,,
,2026-01-14,,,,,
,2026-01-15,,,,,
,2026-01-16,,,,,
,2026-01-20,,,,,
,2026-01-21,,,,,
,2026-01-22,,,,,
,2026-01-23,,,,,
,2026-01-26,,,,,
,2026-01-27,,,,,
,2026-01-28,,,,,
,2026-01-29,,,,,
,2026-01-30,,,,,
,2026-02-02,,,,,
,2026-02-03,,,,,
,2026-02-04,,,,,
,2026-02-05,,,,,
,2026-02-06,,,,,
,2026-02-09,,,,,
,2026-02-10,,,,,
,2026-02-11,,,,,
,2026-02-12,,,,,
,2026-02-13,,,,,
,2026-02-17,,,,,
,2026-02-18,,,,,
,2026-02-19,,,,,
,2026-02-20,,,,,
,2026-02-23,,,,,
,2026-02-24,,,,,
,2026-02-25,,,,,
,2026-02-26,,,,,
,2026-02-27,,,,,
,2026-03-02,,,,,
,2026-03-03,,,,,
,2026-03-04,,,,,
,2026-03-05,,,,,
,2026-03-06,,,,,
,2026-03-09,,,,,
,2026-03-10,,,,,
,2026-03-11,,,,,
,2026-03-12,,,,,
,2026-03-13,,,,,
,2026-03-16,,,,,
,2026-03-17,,,,,
,2026-03-18,,,,,
,2026-03-19,,,,,
,2026-03-20,,,,,
,2026-03-23,,,,,
